arm_id,bitmask,esm2,biophys,phaseflow_llps_direct,phaseflow_bridge,class,priority,strict_no_phaseflow_llps_module,label,pland_model_name,pland_checkpoint_sha256,pland_checkpoint_step,pland_variant,pland_scale,pland_common_proteins,pland_val_threshold,pland_val_selected_precision,pland_val_selected_recall,pland_val_selected_F1,pland_val_selected_MCC,pland_val_selected_IoU,pland_val_fixed_0.5_F1,pland_val_fixed_0.5_MCC,pland_val_AUROC,pland_val_AUPRC,pland_val_Spearman,pland_val_per_protein_AUROC_mean,pland_val_per_protein_Spearman_median,pland_val_mean_predicted_fraction_at_threshold,phasepro_mean_empty_rate,phasepro_mean_fixed_0.531088_F1,phasepro_mean_fixed_0.531088_MCC,phasepro_mean_fixed_0.5_F1,phasepro_mean_fixed_0.5_MCC,phasepro_mean_fixed_threshold,phasepro_mean_global_residue_AUPRC,phasepro_mean_global_residue_AUROC,phasepro_mean_global_residue_Spearman,phasepro_mean_mean_predicted_fraction,phasepro_mean_near_full_rate,phasepro_mean_per_protein_AUROC_mean,phasepro_mean_per_protein_AUROC_median,phasepro_mean_per_protein_Spearman_invalid_count,phasepro_mean_per_protein_Spearman_mean,phasepro_mean_per_protein_Spearman_median,phasepro_mean_per_protein_Spearman_valid_count,phasepro_mean_profile_std_mean,phasepro_mean_same_protein_pairwise,phasepro_p129_empty_rate,phasepro_p129_fixed_0.531088_F1,phasepro_p129_fixed_0.531088_MCC,phasepro_p129_fixed_0.5_F1,phasepro_p129_fixed_0.5_MCC,phasepro_p129_fixed_threshold,phasepro_p129_global_residue_AUPRC,phasepro_p129_global_residue_AUROC,phasepro_p129_global_residue_Spearman,phasepro_p129_mean_predicted_fraction,phasepro_p129_near_full_rate,phasepro_p129_per_protein_AUROC_mean,phasepro_p129_per_protein_AUROC_median,phasepro_p129_per_protein_Spearman_invalid_count,phasepro_p129_per_protein_Spearman_mean,phasepro_p129_per_protein_Spearman_median,phasepro_p129_per_protein_Spearman_valid_count,phasepro_p129_profile_std_mean,phasepro_p129_same_protein_pairwise,phasepro_p257_empty_rate,phasepro_p257_fixed_0.531088_F1,phasepro_p257_fixed_0.531088_MCC,phasepro_p257_fixed_0.5_F1,phasepro_p257_fixed_0.5_MCC,phasepro_p257_fixed_threshold,phasepro_p257_global_residue_AUPRC,phasepro_p257_global_residue_AUROC,phasepro_p257_global_residue_Spearman,phasepro_p257_mean_predicted_fraction,phasepro_p257_near_full_rate,phasepro_p257_per_protein_AUROC_mean,phasepro_p257_per_protein_AUROC_median,phasepro_p257_per_protein_Spearman_invalid_count,phasepro_p257_per_protein_Spearman_mean,phasepro_p257_per_protein_Spearman_median,phasepro_p257_per_protein_Spearman_valid_count,phasepro_p257_profile_std_mean,phasepro_p257_same_protein_pairwise,phasepro_p33_empty_rate,phasepro_p33_fixed_0.531088_F1,phasepro_p33_fixed_0.531088_MCC,phasepro_p33_fixed_0.5_F1,phasepro_p33_fixed_0.5_MCC,phasepro_p33_fixed_threshold,phasepro_p33_global_residue_AUPRC,phasepro_p33_global_residue_AUROC,phasepro_p33_global_residue_Spearman,phasepro_p33_mean_predicted_fraction,phasepro_p33_near_full_rate,phasepro_p33_per_protein_AUROC_mean,phasepro_p33_per_protein_AUROC_median,phasepro_p33_per_protein_Spearman_invalid_count,phasepro_p33_per_protein_Spearman_mean,phasepro_p33_per_protein_Spearman_median,phasepro_p33_per_protein_Spearman_valid_count,phasepro_p33_profile_std_mean,phasepro_p33_same_protein_pairwise,phasepro_variant,phasepro_checkpoint_sha256,phasepro_mean_fixed_0.709824_F1,phasepro_mean_fixed_0.709824_MCC,phasepro_p129_fixed_0.709824_F1,phasepro_p129_fixed_0.709824_MCC,phasepro_p257_fixed_0.709824_F1,phasepro_p257_fixed_0.709824_MCC,phasepro_p33_fixed_0.709824_F1,phasepro_p33_fixed_0.709824_MCC,phasepro_mean_fixed_0.459804_F1,phasepro_mean_fixed_0.459804_MCC,phasepro_p129_fixed_0.459804_F1,phasepro_p129_fixed_0.459804_MCC,phasepro_p257_fixed_0.459804_F1,phasepro_p257_fixed_0.459804_MCC,phasepro_p33_fixed_0.459804_F1,phasepro_p33_fixed_0.459804_MCC,phasepro_mean_fixed_0.288569_F1,phasepro_mean_fixed_0.288569_MCC,phasepro_p129_fixed_0.288569_F1,phasepro_p129_fixed_0.288569_MCC,phasepro_p257_fixed_0.288569_F1,phasepro_p257_fixed_0.288569_MCC,phasepro_p33_fixed_0.288569_F1,phasepro_p33_fixed_0.288569_MCC,phasepro_mean_fixed_0.540196_F1,phasepro_mean_fixed_0.540196_MCC,phasepro_p129_fixed_0.540196_F1,phasepro_p129_fixed_0.540196_MCC,phasepro_p257_fixed_0.540196_F1,phasepro_p257_fixed_0.540196_MCC,phasepro_p33_fixed_0.540196_F1,phasepro_p33_fixed_0.540196_MCC,phasepro_mean_fixed_0.637934_F1,phasepro_mean_fixed_0.637934_MCC,phasepro_p129_fixed_0.637934_F1,phasepro_p129_fixed_0.637934_MCC,phasepro_p257_fixed_0.637934_F1,phasepro_p257_fixed_0.637934_MCC,phasepro_p33_fixed_0.637934_F1,phasepro_p33_fixed_0.637934_MCC,phasepro_mean_fixed_0.218669_F1,phasepro_mean_fixed_0.218669_MCC,phasepro_p129_fixed_0.218669_F1,phasepro_p129_fixed_0.218669_MCC,phasepro_p257_fixed_0.218669_F1,phasepro_p257_fixed_0.218669_MCC,phasepro_p33_fixed_0.218669_F1,phasepro_p33_fixed_0.218669_MCC,phasepro_mean_fixed_0.195594_F1,phasepro_mean_fixed_0.195594_MCC,phasepro_p129_fixed_0.195594_F1,phasepro_p129_fixed_0.195594_MCC,phasepro_p257_fixed_0.195594_F1,phasepro_p257_fixed_0.195594_MCC,phasepro_p33_fixed_0.195594_F1,phasepro_p33_fixed_0.195594_MCC,phasepro_mean_fixed_0.603932_F1,phasepro_mean_fixed_0.603932_MCC,phasepro_p129_fixed_0.603932_F1,phasepro_p129_fixed_0.603932_MCC,phasepro_p257_fixed_0.603932_F1,phasepro_p257_fixed_0.603932_MCC,phasepro_p33_fixed_0.603932_F1,phasepro_p33_fixed_0.603932_MCC,phasepro_mean_fixed_0.76207_F1,phasepro_mean_fixed_0.76207_MCC,phasepro_p129_fixed_0.76207_F1,phasepro_p129_fixed_0.76207_MCC,phasepro_p257_fixed_0.76207_F1,phasepro_p257_fixed_0.76207_MCC,phasepro_p33_fixed_0.76207_F1,phasepro_p33_fixed_0.76207_MCC,phasepro_mean_fixed_0.446253_F1,phasepro_mean_fixed_0.446253_MCC,phasepro_p129_fixed_0.446253_F1,phasepro_p129_fixed_0.446253_MCC,phasepro_p257_fixed_0.446253_F1,phasepro_p257_fixed_0.446253_MCC,phasepro_p33_fixed_0.446253_F1,phasepro_p33_fixed_0.446253_MCC,phasepro_mean_fixed_0.591251_F1,phasepro_mean_fixed_0.591251_MCC,phasepro_p129_fixed_0.591251_F1,phasepro_p129_fixed_0.591251_MCC,phasepro_p257_fixed_0.591251_F1,phasepro_p257_fixed_0.591251_MCC,phasepro_p33_fixed_0.591251_F1,phasepro_p33_fixed_0.591251_MCC,phasepro_mean_fixed_0.573201_F1,phasepro_mean_fixed_0.573201_MCC,phasepro_p129_fixed_0.573201_F1,phasepro_p129_fixed_0.573201_MCC,phasepro_p257_fixed_0.573201_F1,phasepro_p257_fixed_0.573201_MCC,phasepro_p33_fixed_0.573201_F1,phasepro_p33_fixed_0.573201_MCC,phasepro_mean_fixed_0.773216_F1,phasepro_mean_fixed_0.773216_MCC,phasepro_p129_fixed_0.773216_F1,phasepro_p129_fixed_0.773216_MCC,phasepro_p257_fixed_0.773216_F1,phasepro_p257_fixed_0.773216_MCC,phasepro_p33_fixed_0.773216_F1,phasepro_p33_fixed_0.773216_MCC,phasepro_mean_fixed_0.299105_F1,phasepro_mean_fixed_0.299105_MCC,phasepro_p129_fixed_0.299105_F1,phasepro_p129_fixed_0.299105_MCC,phasepro_p257_fixed_0.299105_F1,phasepro_p257_fixed_0.299105_MCC,phasepro_p33_fixed_0.299105_F1,phasepro_p33_fixed_0.299105_MCC,phasepro_mean_fixed_0.296654_F1,phasepro_mean_fixed_0.296654_MCC,phasepro_p129_fixed_0.296654_F1,phasepro_p129_fixed_0.296654_MCC,phasepro_p257_fixed_0.296654_F1,phasepro_p257_fixed_0.296654_MCC,phasepro_p33_fixed_0.296654_F1,phasepro_p33_fixed_0.296654_MCC
s0000_null_negative_control,0,0,0,0,0,negative_control,required,1,所有 DPR input stream 清零,s0000_null_negative_control_ema,f94d9dc463f159b7c515a63a81b3913c8ad59e8410d9e094a16a3262b2bbd28a,50,ema,p257,290,0.5310877561569214,0.066677468385683,0.8803096669043496,0.1239654010012479,0.0095901426240433,0.0660784193785172,0.1233888249970148,0.0,0.4941228107631052,0.0650485119220435,-0.0061800796295038,0.5020680584091454,0.0012893110680869,0.8131615267188296,0.0,0.6536497249363659,-0.05362881327649825,0.6536497249363659,-0.05362881327649825,0.53108776,0.5447459072906075,0.4963994242774706,-0.007829003584550423,0.924401361128706,0.9917355371900827,0.38743450788624056,0.4782971819984377,36,0.0016201027959644443,-0.010499503360824529,85,3.315206413390115e-05,0.38743450788624056,0.0,0.6680792660903903,-0.03827890903776776,0.6680792660903903,-0.03827890903776776,0.53108776,0.5378462463406858,0.4881928594158003,-0.03812618979689032,0.9277179204321054,0.9834710743801653,0.47934184043743217,0.46847532130661,36,-0.004360648519483522,-0.023648743678702334,85,6.833185761934146e-05,0.47934184043743217,0.0,0.25355573883624244,0.0566350063828748,0.25355573883624244,0.0566350063828748,0.53108776,0.5488558524709342,0.504803873637114,0.010990963177017815,0.8595837802042746,0.8099173553719008,0.3932125198388337,0.4944208205370501,36,0.0037658836224376243,0.005996303142247501,85,6.933604163350537e-05,0.3932125198388337,0.0,0.03850644163611413,0.00313588426539086,0.03850644163611413,0.00313588426539086,0.53108776,0.5440180037202745,0.5003488734777227,0.002013821684763532,0.9847827200909697,1.0,0.5000025673908878,0.5021565272054201,36,-0.006707105041776239,0.00019250556991634902,85,2.97844635497313e-05,0.5000025673908878,ema,f94d9dc463f159b7c515a63a81b3913c8ad59e8410d9e094a16a3262b2bbd28a,,,,,,,,,,,,,,,,,,,,,,,,,,,,,,,,,,,,,,,,,,,,,,,,,,,,,,,,,,,,,,,,,,,,,,,,,,,,,,,,,,,,,,,,,,,,,,,,,,,,,,,,,,,,,,,,,,,,,,,,
s0001_phaseflow_bridge_only,1,0,0,0,1,module_only,required,0,只保留 PhaseFlow bridge,s0001_phaseflow_bridge_only_raw,e355d52170e32cdbfb956747c7d32c4e6dcf7f891fb714e8e48707885ad735c2,50,raw,p257,290,0.7098243832588196,0.2358315005921163,0.4259957217072425,0.3035934664246824,0.2519303268988283,0.1789626840123245,0.2317186512509758,0.1980721786782127,0.755220590575207,0.194430427176396,0.2191328519575798,0.4333614062688083,-0.0676806822538467,0.1047336546832706,0.7520661157024794,,,0.42459034983273797,0.11690592002321876,0.70982438,0.6226057261354832,0.5757468601063611,0.13069573003776264,0.24533880680687922,0.2396694214876033,0.4258519076609181,0.4417098445595855,39,-0.16384642001979227,-0.24398575272843342,82,0.0015594029100611806,0.4258519076609181,0.7520661157024794,,,0.4247722410348687,0.11665602676605961,0.70982438,0.6232932742669192,0.5759583276599278,0.13106619360430688,0.2456191113441959,0.2396694214876033,0.42481291681967787,0.4513888888888889,40,-0.16231529021631333,-0.20755424867731653,81,0.0016587921418249607,0.42481291681967787,0.7520661157024794,,,0.4253714479407943,0.11353304507866052,0.70982438,0.623229862375362,0.575998017009145,0.13113539759392215,0.247653579760204,0.24793388429752067,0.43710264429128776,0.43287037037037035,41,-0.17885321563026352,-0.25379562841120523,80,0.0012976519064977765,0.43710264429128776,0.743801652892562,,,0.4245361905976728,0.11663646258878227,0.70982438,0.6225361259163369,0.5760291180519911,0.13118763789834792,0.24570903500354566,0.2396694214876033,0.43554868872759395,0.4327651515151515,39,-0.13677458930513633,-0.18143714503973837,82,0.0020907733123749495,0.43554868872759395,raw,e355d52170e32cdbfb956747c7d32c4e6dcf7f891fb714e8e48707885ad735c2,0.42459034983273797,0.11690592002321876,0.4247722410348687,0.11665602676605961,0.4253714479407943,0.11353304507866052,0.4245361905976728,0.11663646258878227,,,,,,,,,,,,,,,,,,,,,,,,,,,,,,,,,,,,,,,,,,,,,,,,,,,,,,,,,,,,,,,,,,,,,,,,,,,,,,,,,,,,,,,,,,,,,,,,,,,,,,,,,,,,,,,,
s0010_phaseflow_llps_only,10,0,0,1,0,module_only,required,0,只保留直接拼接的 PhaseFlow LLPS,s0010_phaseflow_llps_only_ema,478c6e1537922871f49d457ba20b904169d51e4566a4976921c82caecd5e6c81,50,ema,p257,290,0.4598037302494049,0.1471349910743469,0.5961087908729754,0.236015325670498,0.1978696677095579,0.1337966985230234,0.2386109122815119,0.1920758311911581,0.7009229655880278,0.1382601685950667,0.1725060946162245,0.6752211867896265,0.3574036653880623,0.2303370168217307,0.03305785123966942,,,0.6097952077701929,0.22156841867612626,0.45980373,0.6992897839016714,0.6697307288693235,0.29285013449330305,0.45610985552328087,0.024793388429752067,0.6384067023194127,0.7265392282021994,36,0.3285465644205637,0.4915595191994697,85,0.21291539072990417,0.6384067023194127,0.01652892561983471,,,0.6098453655412206,0.2202486097626755,0.45980373,0.6903807073643449,0.6664460125962074,0.28718457608603654,0.46197634054533576,0.0,0.638012570462826,0.7275106945284329,36,0.32520930850412644,0.46538613687323,85,0.22784459590911865,0.638012570462826,0.049586776859504134,,,0.6200573196770915,0.2393327105297359,0.45980373,0.7015666863650706,0.6762878440220615,0.3041653128497179,0.45623755752664674,0.04132231404958678,0.5964822469654887,0.7068319448626585,36,0.30696822720856504,0.4705399238113355,85,0.21016618609428406,0.5964822469654887,0.0,,,0.6029228035990601,0.20836218192264075,0.45980373,0.6827543543485,0.6538838755850312,0.2655097116251522,0.4575152052271439,0.0,0.6426592135393538,0.7148672026050676,36,0.3129501529304893,0.4341057572970673,85,0.23190420866012573,0.6426592135393538,ema,478c6e1537922871f49d457ba20b904169d51e4566a4976921c82caecd5e6c81,,,,,,,,,0.6097952077701929,0.22156841867612626,0.6098453655412206,0.2202486097626755,0.6200573196770915,0.2393327105297359,0.6029228035990601,0.20836218192264075,,,,,,,,,,,,,,,,,,,,,,,,,,,,,,,,,,,,,,,,,,,,,,,,,,,,,,,,,,,,,,,,,,,,,,,,,,,,,,,,,,,,,,,,,,,,,,,,,,,,,,,,
s0011_no_base_embedding,11,0,0,1,1,embedding,required,0,去掉 ESM2 和 biophys,s0011_no_base_embedding_raw,3fa6962e5606ad05136bf6e77570b83d03e02e3d5b9d6e564932a7cbe98404ba,50,raw,p257,290,0.2885690927505493,0.1483904423790338,0.7578690027503311,0.2481861396047035,0.237084766735794,0.1416738074835761,0.2519559475756217,0.2057387061952576,0.7555003541269323,0.162167108836878,0.2193670035605789,0.669051686238084,0.3403964098856389,0.2963131933009552,0.008264462809917356,,,0.6428728379947892,0.20416366079973017,0.28856909,0.7072503528325835,0.6736733562152695,0.299652667837806,0.5567121965302411,0.1322314049586777,0.6363612032286088,0.724047571054223,36,0.33234186990029635,0.4880577677355631,85,0.21662957966327667,0.6363612032286088,0.008264462809917356,,,0.6413066564716877,0.21460639721684982,0.28856909,0.6972772846789317,0.6689141248099101,0.2914437757216798,0.5371108554105357,0.09917355371900827,0.6359194210284508,0.7298504466526146,36,0.33211408724689384,0.46251899133405766,85,0.2317432016134262,0.6359194210284508,0.05785123966942149,,,0.647899606508561,0.23035240067617246,0.28856909,0.707356016553531,0.6737614866611727,0.29980739614896984,0.5353193248948139,0.1322314049586777,0.6051817567541596,0.6701816424137581,36,0.32150316625791825,0.48496988343644276,85,0.2117077261209488,0.6051817567541596,0.0,,,0.6378745268855857,0.20285753355308378,0.28856909,0.6888337469786163,0.6592941857422435,0.27484514597363524,0.5409773171692596,0.0743801652892562,0.6392215874678998,0.7123809523809523,36,0.31575847659670314,0.4279694288681481,85,0.23772761225700378,0.6392215874678998,raw,3fa6962e5606ad05136bf6e77570b83d03e02e3d5b9d6e564932a7cbe98404ba,,,,,,,,,,,,,,,,,0.6428728379947892,0.20416366079973017,0.6413066564716877,0.21460639721684982,0.647899606508561,0.23035240067617246,0.6378745268855857,0.20285753355308378,,,,,,,,,,,,,,,,,,,,,,,,,,,,,,,,,,,,,,,,,,,,,,,,,,,,,,,,,,,,,,,,,,,,,,,,,,,,,,,,,,,,,,,,,,,,,,,,
s0100_biophys_only,100,0,1,0,0,embedding_only,required,1,只保留 biophys,s0100_biophys_only_raw,44665ff38f355ffb5379b3e9e52f11509b8e66015eabb2645bdb4c8bbbfa9a07,50,raw,p257,290,0.5401962995529175,0.1611216201179481,0.5899969440766019,0.2531191958920572,0.2166927313690657,0.1448978060190628,0.1558479940235282,0.1328398559381677,0.7559189957035171,0.1731591120981738,0.2197230629765928,0.6662243994088491,0.3907209264529308,0.2213971409997777,0.1322314049586777,,,0.5375775956025209,0.11291746311355537,0.5401963,0.6501439433706558,0.5909823956444598,0.1569792750441229,0.416082900020399,0.1322314049586777,0.6721118023837424,0.778525980911983,36,0.29201721307648126,0.43119570680481945,85,0.020748473703861237,0.6721118023837424,0.1487603305785124,,,0.5448198331459677,0.12600132189052354,0.5401963,0.6434431276103698,0.5901196198774001,0.1554909935714802,0.4221987522542924,0.11570247933884298,0.6441624923643585,0.7151777137367916,36,0.28496807095347043,0.34895952172336087,85,0.021486591547727585,0.6441624923643585,0.2231404958677686,,,0.5528043168492607,0.12744390465316383,0.5401963,0.6468431158973573,0.5889087218175664,0.1534018199530212,0.4297384811819542,0.1487603305785124,0.6430073835784602,0.7245867768595041,36,0.2967513323725908,0.37060626979519296,85,0.016090095043182373,0.6430073835784602,0.008264462809917356,,,0.530313012853532,0.11110428884124188,0.5401963,0.6302714213701722,0.581475656042356,0.14057675688061266,0.4112860721534095,0.05785123966942149,0.658549902872411,0.7276657060518732,36,0.25063271169329304,0.34595174190425404,85,0.031199952587485313,0.658549902872411,raw,44665ff38f355ffb5379b3e9e52f11509b8e66015eabb2645bdb4c8bbbfa9a07,,,,,,,,,,,,,,,,,,,,,,,,,0.5375775956025209,0.11291746311355537,0.5448198331459677,0.12600132189052354,0.5528043168492607,0.12744390465316383,0.530313012853532,0.11110428884124188,,,,,,,,,,,,,,,,,,,,,,,,,,,,,,,,,,,,,,,,,,,,,,,,,,,,,,,,,,,,,,,,,,,,,,,,,,,,,,,,,,,,,,,,
s0101_biophys_phaseflow_bridge,101,0,1,0,1,pairwise,required,0,biophys + PhaseFlow bridge,s0101_biophys_phaseflow_bridge_raw,7f7da8b5c8658a5976350a1b5d7c2d16077a2291d86a99c73083c50c674fab4a,50,raw,p257,290,0.6379335522651672,0.2084801207851031,0.5063665070795559,0.2953566441876356,0.2510523620777931,0.1732659463227605,0.2102988341202218,0.1920048494027067,0.7818555853401069,0.2071162269396507,0.2419914676447207,0.6611794113132063,0.3407350511992502,0.1552553478921774,0.6033057851239669,,,0.504189853127077,0.15848572094777422,0.63793355,0.6365595299163292,0.5980496391805883,0.16917296120174882,0.3345301561819161,0.30578512396694213,0.6831249802456341,0.7771929824561403,36,0.3109099652752895,0.4823647213029948,85,0.0199812613427639,0.6831249802456341,0.6115702479338843,,,0.5063205798078544,0.15636090662371954,0.63793355,0.6346792411966331,0.5976193014530795,0.16843104084676758,0.34079569293708184,0.3140495867768595,0.6569402030833273,0.7723478488669786,36,0.29602544969513467,0.4480880261767813,85,0.020439714193344116,0.6569402030833273,0.6198347107438017,,,0.5066473913829156,0.1516892821217206,0.63793355,0.634982569385947,0.5960808907814019,0.16577684270089135,0.3441599373072275,0.32231404958677684,0.6657829408826808,0.7979691525310315,36,0.30043624190231,0.4418456894248843,85,0.015637725591659546,0.6657829408826808,0.5289256198347108,,,0.4949916305762946,0.1644336222144431,0.63793355,0.6328703373019673,0.5989317213938126,0.17069533971434925,0.3177488396423398,0.2727272727272727,0.6555047631681992,0.722011385199241,36,0.257736592295056,0.37195542768330614,85,0.02980998530983925,0.6555047631681992,raw,7f7da8b5c8658a5976350a1b5d7c2d16077a2291d86a99c73083c50c674fab4a,,,,,,,,,,,,,,,,,,,,,,,,,,,,,,,,,0.504189853127077,0.15848572094777422,0.5063205798078544,0.15636090662371954,0.5066473913829156,0.1516892821217206,0.4949916305762946,0.1644336222144431,,,,,,,,,,,,,,,,,,,,,,,,,,,,,,,,,,,,,,,,,,,,,,,,,,,,,,,,,,,,,,,,,,,,,,,,,,,,,,,,
s0110_biophys_phaseflow_llps,110,0,1,1,0,pairwise,required,0,biophys + PhaseFlow LLPS direct,s0110_biophys_phaseflow_llps_raw,57545333c9a8150c5afadb805a2257e33c2c02dfc07e5c71ace9165456b4025b,50,raw,p257,290,0.2186693549156189,0.1285303443698842,0.7101965977386167,0.2176675356301025,0.1913409438771361,0.1221251029094922,0.2303754852451132,0.1679357700241111,0.710131648585849,0.1417072370673865,0.1804186885074814,0.6624159850470119,0.3414438223260995,0.312536566042466,0.0,,,0.6530726026265796,0.21473654702203912,0.21866935,0.6977426382335639,0.6680517247695128,0.2899532133270742,0.5705512927820197,0.09090909090909091,0.6351727142309491,0.7205882352941176,36,0.33447293156013125,0.5211392204193721,85,0.20945605635643005,0.6351727142309491,0.0,,,0.6494621398961011,0.22161016760033642,0.21866935,0.690413268854533,0.6646781842980491,0.28413687592905795,0.5462065249297365,0.049586776859504134,0.6287330706994632,0.7068398727465536,36,0.3251627386659274,0.48627649419709396,85,0.22402019798755646,0.6287330706994632,0.04132231404958678,,,0.645428541159021,0.22141012132896312,0.21866935,0.6988660248296552,0.6747506890825645,0.3015160345285934,0.5354514446143998,0.08264462809917356,0.6021585448514589,0.6902506215144797,36,0.31984084375228533,0.5015065793593924,85,0.19990164041519165,0.6021585448514589,0.0,,,0.649785469549023,0.20410598263206373,0.21866935,0.6838984152921783,0.6525162906506143,0.2631516847676573,0.5715862287678666,0.05785123966942149,0.6414789210860921,0.7062854442344045,36,0.3193181037091144,0.4288051754952079,85,0.23485678434371948,0.6414789210860921,raw,57545333c9a8150c5afadb805a2257e33c2c02dfc07e5c71ace9165456b4025b,,,,,,,,,,,,,,,,,,,,,,,,,,,,,,,,,,,,,,,,,0.6530726026265796,0.21473654702203912,0.6494621398961011,0.22161016760033642,0.645428541159021,0.22141012132896312,0.649785469549023,0.20410598263206373,,,,,,,,,,,,,,,,,,,,,,,,,,,,,,,,,,,,,,,,,,,,,,,,,,,,,,,,,,,,,,,,,,,,,,,,
s0111_no_esm2,111,0,1,1,1,embedding,required,0,去掉 ESM2,s0111_no_esm2_raw,5e61fdefe3c8477601dd95c43075d57d248c5e53420fc90a5258c6d53628d578,50,raw,p257,290,0.1955940872430801,0.1398937515810776,0.788631964958745,0.2376340950597768,0.2295799721706681,0.1348381141473779,0.2559284696125437,0.1992417873310571,0.7537157706494257,0.1550490867582897,0.2178417234851968,0.666390537537775,0.3559165978084835,0.3247070685488525,0.008264462809917356,,,0.6562734405092545,0.20530077616283948,0.19559409,0.7053942987572503,0.6739375049409062,0.30010842535526805,0.5944206244391018,0.18181818181818182,0.6333214508091495,0.6974400322515623,36,0.34015191849176396,0.5215698655799818,85,0.2154419869184494,0.6333214508091495,0.008264462809917356,,,0.6498298035239465,0.209315681678172,0.19559409,0.695939679807059,0.6694769501995655,0.2924175782870033,0.5681924221752034,0.11570247933884298,0.6334359777877433,0.7302184750242565,36,0.3341084243125004,0.4939326898422572,85,0.22988459467887878,0.6334359777877433,0.03305785123966942,,,0.654765242857588,0.2238856158108503,0.19559409,0.7054000908159492,0.6771006486797909,0.30557144976025125,0.5619360190309788,0.14049586776859505,0.6047658270159596,0.6886145404663924,36,0.33133987386428265,0.4953195279889338,85,0.2055596113204956,0.6047658270159596,0.0,,,0.6515143807673134,0.19764170561214467,0.19559409,0.6891999256148837,0.6583935383378836,0.2732928059237879,0.5867218600189316,0.1322314049586777,0.637603261912841,0.69345120071966,36,0.3223202203175802,0.4338163337210352,85,0.24056881666183472,0.637603261912841,raw,5e61fdefe3c8477601dd95c43075d57d248c5e53420fc90a5258c6d53628d578,,,,,,,,,,,,,,,,,,,,,,,,,,,,,,,,,,,,,,,,,,,,,,,,,0.6562734405092545,0.20530077616283948,0.6498298035239465,0.209315681678172,0.654765242857588,0.2238856158108503,0.6515143807673134,0.19764170561214467,,,,,,,,,,,,,,,,,,,,,,,,,,,,,,,,,,,,,,,,,,,,,,,,,,,,,,,,,,,,,,,,
s1000_esm2_only,1000,1,0,0,0,embedding_only,required,1,只保留 ESM2,s1000_esm2_only_raw,57a404030065a3c959d3fd06f20d595c888515744d1645dbe9ee6e3f6284df3b,50,raw,p257,290,0.6039317846298218,0.1829924650161463,0.5887745747173271,0.2792068207617805,0.2450314199167624,0.1622547230721724,0.2190144181953564,0.1856911107948605,0.7524383560086867,0.1725376317513861,0.2167348964876616,0.6625634630324929,0.3008775553991307,0.1626954595332576,0.23140495867768596,,,0.5519381313878987,0.140954278723477,0.60393178,0.6779903868478376,0.6009243423916153,0.17413291873245676,0.40714668517257807,0.1322314049586777,0.6645650527765359,0.7526595744680851,36,0.33326111763825184,0.4483474082794614,85,0.09508328884840012,0.6645650527765359,0.23140495867768596,,,0.5572636343382465,0.14064054287295333,0.60393178,0.6753799002977419,0.6017572707009998,0.17557037307379125,0.4181115284951638,0.1487603305785124,0.666963409437161,0.7589077025232405,36,0.32365754002930286,0.4145669702194088,85,0.10018253326416016,0.666963409437161,0.30578512396694213,,,0.5627475651241903,0.14454319033395271,0.60393178,0.6751470251201537,0.6013348903274457,0.17484157712282974,0.42320005018361173,0.21487603305785125,0.6652092191590213,0.8058394160583942,36,0.3403897583785814,0.5121745731631371,85,0.07770822197198868,0.6652092191590213,0.15702479338842976,,,0.5523944159745539,0.13605356619056094,0.60393178,0.6658871845621388,0.5967311394457072,0.1668983609828724,0.4146610636201669,0.11570247933884298,0.6353877827350626,0.6941400985455368,36,0.28998388855719376,0.38062931251450444,85,0.12566819787025452,0.6353877827350626,raw,57a404030065a3c959d3fd06f20d595c888515744d1645dbe9ee6e3f6284df3b,,,,,,,,,,,,,,,,,,,,,,,,,,,,,,,,,,,,,,,,,,,,,,,,,,,,,,,,,0.5519381313878987,0.140954278723477,0.5572636343382465,0.14064054287295333,0.5627475651241903,0.14454319033395271,0.5523944159745539,0.13605356619056094,,,,,,,,,,,,,,,,,,,,,,,,,,,,,,,,,,,,,,,,,,,,,,,,,,,,,,,,
s1001_esm2_phaseflow_bridge,1001,1,0,0,1,pairwise,required,0,ESM2 + PhaseFlow bridge,s1001_esm2_phaseflow_bridge_ema,24e27f66e282bebce4b43a656bb8f33c6413dd063326a24c8cb403674ca17d75,50,ema,p257,290,0.7620701193809509,0.4235764235764235,0.2159519201385352,0.2860612602887599,0.2688788253421135,0.1669028499448905,0.2487439497947991,0.2262949574577721,0.7899047347408038,0.2310360310216154,0.248902663795992,0.6384489846297084,0.2411416900845228,0.0209058971752924,0.7272727272727273,,,0.2790771398379711,0.19696012704403393,0.76207012,0.6890433118216286,0.6186982105044577,0.20479960889547769,0.09711470571904289,0.01652892561983471,0.6641835221244741,0.7433518862090291,36,0.3314193684876652,0.44246185469669225,85,0.08984718471765518,0.6641835221244741,0.6859504132231405,,,0.28839023031526906,0.19130962312178415,0.76207012,0.6865893919981559,0.6189554989979936,0.20524417096928693,0.10808899848810785,0.01652892561983471,0.6667072262089818,0.7526416906820366,36,0.32383945757033594,0.37822211375828646,85,0.09427357465028763,0.6667072262089818,0.7768595041322314,,,0.2723036305969488,0.1961855933725834,0.76207012,0.687881889952445,0.6195186974305495,0.2062159970512135,0.09812217967550572,0.03305785123966942,0.6634005408732332,0.796421854008061,36,0.3427176952473127,0.48423566499708137,85,0.07285954803228378,0.6634005408732332,0.5950413223140496,,,0.2930415633507309,0.19256073329064752,0.76207012,0.6790934375611575,0.6134358360111116,0.19572055462358484,0.11541430238447534,0.008264462809917356,0.6311536174228183,0.6789938435993919,36,0.28909304258825064,0.351832102787695,85,0.12052058428525925,0.6311536174228183,ema,24e27f66e282bebce4b43a656bb8f33c6413dd063326a24c8cb403674ca17d75,,,,,,,,,,,,,,,,,,,,,,,,,,,,,,,,,,,,,,,,,,,,,,,,,,,,,,,,,,,,,,,,,0.2790771398379711,0.19696012704403393,0.28839023031526906,0.19130962312178415,0.2723036305969488,0.1961855933725834,0.2930415633507309,0.19256073329064752,,,,,,,,,,,,,,,,,,,,,,,,,,,,,,,,,,,,,,,,,,,,,,,,
s1010_esm2_phaseflow_llps,1010,1,0,1,0,pairwise,required,0,ESM2 + PhaseFlow LLPS direct,s1010_esm2_phaseflow_llps_ema,7a5ec8fa5ef178635486f123458f1101d1deb0ba551468683ec304ed9c8d9bf4,50,ema,p257,290,0.4462533593177795,0.1463493755358342,0.6433737394315983,0.2384566013516064,0.2073540499904531,0.1353679969137125,0.2386539644819757,0.1978910191567819,0.7349579147140604,0.1503928208651948,0.2017274436351271,0.6650251888340062,0.2987748381039709,0.2494707944068801,0.06611570247933884,,,0.6114958526483563,0.20483125808236474,0.44625336,0.7118287628255221,0.6679894971880829,0.28984584672197533,0.4790171923064232,0.049586776859504134,0.6462437854408759,0.8022727272727272,36,0.33452099837493887,0.5423615247399021,85,0.20618490874767303,0.6462437854408759,0.06611570247933884,,,0.610473029979189,0.20494083444537306,0.44625336,0.705851807862345,0.6653870404173932,0.28535679607404285,0.47626597235263607,0.024793388429752067,0.6359798778195338,0.7349436717507671,36,0.32214196631223596,0.5279668596383484,85,0.21949850022792816,0.6359798778195338,0.0743801652892562,,,0.6212567882079131,0.21259357718011002,0.44625336,0.7118891752443101,0.672183392276178,0.29708294097898275,0.5003723464641308,0.09917355371900827,0.6192159093009689,0.7380641707651645,36,0.322461609617072,0.5157638149250001,85,0.19408759474754333,0.6192159093009689,0.01652892561983471,,,0.6004085338175216,0.19310985156689492,0.44625336,0.6982330709913844,0.6531737927181348,0.2642843243633946,0.46434393916571975,0.01652892561983471,0.6361239201171173,0.7038978494623656,36,0.31840379976013206,0.42627426164056076,85,0.23279595375061035,0.6361239201171173,ema,7a5ec8fa5ef178635486f123458f1101d1deb0ba551468683ec304ed9c8d9bf4,,,,,,,,,,,,,,,,,,,,,,,,,,,,,,,,,,,,,,,,,,,,,,,,,,,,,,,,,,,,,,,,,,,,,,,,,0.6114958526483563,0.20483125808236474,0.610473029979189,0.20494083444537306,0.6212567882079131,0.21259357718011002,0.6004085338175216,0.19310985156689492,,,,,,,,,,,,,,,,,,,,,,,,,,,,,,,,,,,,,,,,
s1011_no_biophys,1011,1,0,1,1,embedding,required,0,去掉 biophys,s1011_no_biophys_raw,5750f7771fe239085d62507356d46079dae5d463c8a0d3920654e92e6c334724,50,raw,p257,290,0.5912512540817261,0.1813824419778002,0.5126820821024753,0.2679621988553174,0.2229042603611052,0.1547092093938276,0.2537320063977252,0.2162446923709853,0.7657427630029163,0.163130092411731,0.2281593327230209,0.6593947406290093,0.3153405137120627,0.1442642001462583,0.1487603305785124,,,0.5746256621469067,0.2356384148624495,0.59125125,0.717191158431304,0.6718370130867406,0.2964842766019072,0.37008584949373413,0.0,0.6459936865064052,0.7773428351567466,36,0.3366771065920943,0.540132358081109,85,0.20981305837631226,0.6459936865064052,0.14049586776859505,,,0.5772377699697782,0.23010423306633496,0.59125125,0.7099319317298645,0.6692763239704628,0.29206781033903023,0.3833122808014529,0.0,0.6378307944761699,0.7406324889695178,36,0.3237584798806461,0.5319573951483431,85,0.22353960573673248,0.6378307944761699,0.18181818181818182,,,0.5792404322980761,0.22509837594292867,0.59125125,0.7170228615127835,0.6739848290559007,0.3001914460527963,0.38516217936561853,0.03305785123966942,0.6241660215920142,0.7766233766233767,36,0.3218820199871353,0.5259062153840262,85,0.1973448395729065,0.6241660215920142,0.10743801652892562,,,0.5658855071744203,0.21949036540400643,0.59125125,0.7019251979617245,0.6572475706760623,0.27131361910384943,0.37550620628935866,0.0,0.6347818272297553,0.6907790549169859,36,0.3211493000544434,0.42893034957370463,85,0.2370002567768097,0.6347818272297553,raw,5750f7771fe239085d62507356d46079dae5d463c8a0d3920654e92e6c334724,,,,,,,,,,,,,,,,,,,,,,,,,,,,,,,,,,,,,,,,,,,,,,,,,,,,,,,,,,,,,,,,,,,,,,,,,,,,,,,,,0.5746256621469067,0.2356384148624495,0.5772377699697782,0.23010423306633496,0.5792404322980761,0.22509837594292867,0.5658855071744203,0.21949036540400643,,,,,,,,,,,,,,,,,,,,,,,,,,,,,,,,
s1100_base_only,1100,1,1,0,0,strict_no_phase_modules,required,1,只保留 ESM2 和 biophys,s1100_base_only_raw,7bb8ec190b0eb60f8b4f32dfbca671c68f88cc31809a1abe9bb4773d8cbd22f0,50,raw,p257,290,0.5732006430625916,0.1801883434193068,0.5671793827034736,0.2734908394321921,0.2358779670391866,0.158406827880512,0.2524678309766659,0.2211686232513286,0.753054506133902,0.1698638472651497,0.217264538504155,0.6724727895553788,0.3855403899520905,0.1649312501222119,0.24793388429752067,,,0.5387206194340233,0.12822219034251983,0.57320064,0.6749078593422235,0.5968809843377703,0.1671565865175802,0.39333087616235984,0.12396694214876033,0.6684244301558717,0.7743711486008686,36,0.3373663500725057,0.497997972279415,85,0.12377093732357025,0.6684244301558717,0.21487603305785125,,,0.543340229721053,0.12838076702143633,0.57320064,0.6711306471617136,0.5969167924305661,0.1672187396919617,0.4040287430461201,0.11570247933884298,0.6639002137783871,0.7680013962301785,36,0.33368075027698363,0.46138226355364625,85,0.1311313360929489,0.6639002137783871,0.30578512396694213,,,0.5495930342608366,0.13513631546786675,0.57320064,0.6709149471400329,0.5964946353459998,0.16649030558377334,0.4078490820570579,0.19008264462809918,0.6648830213082396,0.8182274247491639,36,0.35116465945742253,0.5115378047054366,85,0.10310778021812439,0.6648830213082396,0.14049586776859505,,,0.5470364714656061,0.13074856142183888,0.57320064,0.6606350623146717,0.5914956312873473,0.15786518136587965,0.4099458565853209,0.10743801652892562,0.6357434254107679,0.7006466770005813,36,0.29280817118527225,0.41361554821765806,85,0.15990078449249268,0.6357434254107679,raw,7bb8ec190b0eb60f8b4f32dfbca671c68f88cc31809a1abe9bb4773d8cbd22f0,,,,,,,,,,,,,,,,,,,,,,,,,,,,,,,,,,,,,,,,,,,,,,,,,,,,,,,,,,,,,,,,,,,,,,,,,,,,,,,,,,,,,,,,,0.5387206194340233,0.12822219034251983,0.543340229721053,0.12838076702143633,0.5495930342608366,0.13513631546786675,0.5470364714656061,0.13074856142183888,,,,,,,,,,,,,,,,,,,,,,,,
s1101_no_phaseflow_llps_direct,1101,1,1,0,1,module_stream,required,0,去掉直接拼接的 PhaseFlow LLPS stream,s1101_no_phaseflow_llps_direct_ema,4f1ed0a08bfba717c25853bbd22241b3635b5d2470dd95001624590f129c5127,50,ema,p257,290,0.7732163667678833,0.3743160605085291,0.2369359274727513,0.2901877612126505,0.2594434781297088,0.1697190806275082,0.2616727361503876,0.2358519678332964,0.7872428827450436,0.2160734472414532,0.2466179041343557,0.6621459515501193,0.3723529714026474,0.0268276883494161,0.6776859504132231,,,0.32202237258168714,0.21102485008748792,0.77321637,0.6895699830841653,0.6162422519747749,0.20056214528246633,0.11354504053795085,0.01652892561983471,0.6667764441940665,0.7679180887372014,36,0.3405935204737703,0.530492430953837,85,0.1099284365773201,0.6667764441940665,0.6528925619834711,,,0.33330540988825036,0.20517975141466402,0.77321637,0.6858322467874018,0.6160556693348032,0.20024081045995734,0.1265782593167748,0.01652892561983471,0.6675058538332101,0.7727635384461953,36,0.3376833965543011,0.48289369931575926,85,0.11564899235963821,0.6675058538332101,0.71900826446281,,,0.3306135604145816,0.22381053955556401,0.77321637,0.6870758770842189,0.6164414622511134,0.20090646066060341,0.11664264688578635,0.03305785123966942,0.668485590369233,0.8174136008918618,36,0.35224340617196886,0.5022293308586575,85,0.0898539274930954,0.668485590369233,0.5371900826446281,,,0.3294283508442147,0.20088442934073575,0.77321637,0.6756235005005711,0.6100551846441883,0.18988767235977225,0.13179047376325045,0.008264462809917356,0.6321909146021124,0.7159565580618212,36,0.29532829248608616,0.4267219032558659,85,0.145401269197464,0.6321909146021124,ema,4f1ed0a08bfba717c25853bbd22241b3635b5d2470dd95001624590f129c5127,,,,,,,,,,,,,,,,,,,,,,,,,,,,,,,,,,,,,,,,,,,,,,,,,,,,,,,,,,,,,,,,,,,,,,,,,,,,,,,,,,,,,,,,,,,,,,,,,0.32202237258168714,0.21102485008748792,0.33330540988825036,0.20517975141466402,0.3306135604145816,0.22381053955556401,0.3294283508442147,0.20088442934073575,,,,,,,,,,,,,,,,
s1110_no_phaseflow_bridge,1110,1,1,1,0,module_stream,required,0,去掉 PhaseFlow bridge,s1110_no_phaseflow_bridge_raw,3aa38f18ff0115910fb4c2f128c0017f4b181ea6283a207faeab1bde29185ea4,50,raw,p257,290,0.2991051971912384,0.1478844680755193,0.668636039523276,0.2422006162020552,0.2155423310725441,0.1377862675538949,0.2518478699099584,0.2013870084889026,0.7429785161801664,0.1532590793097377,0.2086162226282158,0.6507180930767587,0.3229909109884434,0.2526578617521875,0.049586776859504134,,,0.6255300324762901,0.19551711502001076,0.2991052,0.7076654872746354,0.662634312573255,0.28060611424569243,0.5228260059225377,0.09090909090909091,0.6446293071060212,0.7667369266285256,36,0.3362608469580664,0.5396487663628605,85,0.21520787477493286,0.6446293071060212,0.05785123966942149,,,0.6181605878011435,0.20015178799667566,0.2991052,0.7007661415632735,0.6599723487505464,0.2760154517696089,0.4969612831865597,0.049586776859504134,0.636009223933018,0.7418957503320054,36,0.32281855164375844,0.5128147067230957,85,0.2296113520860672,0.636009223933018,0.06611570247933884,,,0.632379793061473,0.21722663198977096,0.2991052,0.7063225202748575,0.6645225628769297,0.28386594712025154,0.5179569532335595,0.1322314049586777,0.6191036418537644,0.7441379310344828,36,0.32848591253996745,0.49579770912068877,85,0.20468196272850037,0.6191036418537644,0.0,,,0.610857432775241,0.18603704551707725,0.2991052,0.6931073325965971,0.6484696060739272,0.2561686971209683,0.49326103049141123,0.03305785123966942,0.6338697393572492,0.6991401062417,36,0.3193809515262794,0.4311704886279802,85,0.24178147315979004,0.6338697393572492,raw,3aa38f18ff0115910fb4c2f128c0017f4b181ea6283a207faeab1bde29185ea4,,,,,,,,,,,,,,,,,,,,,,,,,,,,,,,,,,,,,,,,,,,,,,,,,,,,,,,,,,,,,,,,,,,,,,,,,,,,,,,,,,,,,,,,,,,,,,,,,,,,,,,,,0.6255300324762901,0.19551711502001076,0.6181605878011435,0.20015178799667566,0.632379793061473,0.21722663198977096,0.610857432775241,0.18603704551707725,,,,,,,,
s1111_full_retrain,1111,1,1,1,1,control,required,0,full 完整重训对照,s1111_full_retrain_ema,33676f59a0bc7ec7c5d4fc7328ea12941da5c6318b6825126014ee3a65068c35,50,ema,p257,290,0.2966542541980743,0.1558006218422075,0.6533564225323418,0.2516034127684612,0.2241770260168342,0.1439052298579794,0.2629501459932951,0.2154763076116953,0.7668694751471735,0.16468415883935,0.2291298730740494,0.6508158087266921,0.3277076803992497,0.2352953002823316,0.05785123966942149,,,0.6224759326769849,0.20025133758589914,0.29665425,0.7135235493805872,0.6657661982692238,0.2860098096279838,0.5087059774332632,0.09090909090909091,0.6409756844015897,0.7428030303030303,36,0.3390325113102411,0.5423504523911341,85,0.21878434717655182,0.6409756844015897,0.05785123966942149,,,0.6163892985043186,0.20282322230640865,0.29665425,0.7047337822317403,0.6624693173086642,0.28032442593658785,0.4885688829424953,0.0743801652892562,0.6383148428620903,0.7398345987592108,36,0.32757883377952635,0.5244004035699859,85,0.23321890830993652,0.6383148428620903,0.09917355371900827,,,0.6302313590837786,0.22155578679192078,0.29665425,0.7127082574951438,0.6663717649820989,0.28705715535529513,0.5034478797139221,0.12396694214876033,0.6218574938928294,0.7484481530477256,36,0.338061681948869,0.5355874838375267,85,0.20731160044670105,0.6218574938928294,0.024793388429752067,,,0.6110647390738205,0.1954667145675459,0.29665425,0.6965446516394376,0.6519146996625784,0.2621134283741158,0.4834255984915007,0.04132231404958678,0.6314704834941032,0.6832451409382314,36,0.32240460995605696,0.4431232407987574,85,0.2458910495042801,0.6314704834941032,ema,33676f59a0bc7ec7c5d4fc7328ea12941da5c6318b6825126014ee3a65068c35,,,,,,,,,,,,,,,,,,,,,,,,,,,,,,,,,,,,,,,,,,,,,,,,,,,,,,,,,,,,,,,,,,,,,,,,,,,,,,,,,,,,,,,,,,,,,,,,,,,,,,,,,,,,,,,,,0.6224759326769849,0.20025133758589914,0.6163892985043186,0.20282322230640865,0.6302313590837786,0.22155578679192078,0.6110647390738205,0.1954667145675459
