n_generated,n_unique,uniqueness,mean_edit_dist,median_edit_dist,aa_var,len_mean,len_std,rt_spearman_mean,rt_spearman_std,pred_std_mean,pred_phase_var,phase_idx,mean_pssi,original_seq
100,100,1.0,17.174,17.0,0.0024165731839454127,18.9,2.4392621835300936,0.7115588235294118,0.18632637539030797,0.27296895,0.07644476,154,-0.7314705848693848,AGGMLVMRHATQNGQLLRVS
100,100,1.0,16.838,17.0,0.0026210958225859364,18.41,2.63095039862024,0.7197058823529412,0.21206861362731907,0.28023046,0.10208082,202,-0.7901326417922974,AHVVFSTSERRPAFHQLCRL
100,100,1.0,17.036,17.0,0.0025126413171342237,18.87,2.369198176598994,0.6895294117647058,0.1390939042045021,0.2727908,0.09173128,220,-1.0379970073699951,AISKFNGWVDSSFRPFPSRL
100,100,1.0,16.962,17.0,0.0026070112319389886,19.05,1.941004894378167,0.1765,0.14820932020340594,0.224154,0.06907484,226,-0.9228419661521912,AKFRLLAMLPPIYCVI
100,100,1.0,17.054,17.0,0.002594511715005255,19.13,2.0816099538578303,0.4755294117647058,0.18078877541174643,0.2548759,0.08283181,241,-0.8624157309532166,ALASLDRIVLYVWESIKKRN
100,100,1.0,16.266,17.0,0.0030014314610963947,17.29,3.4243101495045685,0.6135294117647059,0.13846851415309078,0.29123202,0.104122266,257,-0.9196502566337585,ALGFDCLKITYTGHSIGWDW
100,100,1.0,17.018,17.0,0.0024143294225002195,18.93,2.4176641619546753,0.6322941176470587,0.24501146784826752,0.21917833,0.083027765,276,-1.1145175695419312,ALLFTVRRLRFFCRSMCMST
100,100,1.0,16.908,17.0,0.002405274320539352,19.1,2.2248595461286995,0.5928235294117647,0.1324407029292262,0.24706398,0.071864754,282,-1.1659164428710938,ALLRTTQFSAFDWIPLVPCA
100,100,1.0,17.018,17.0,0.0025112583292963954,18.89,2.248977545463716,0.7478235294117646,0.13693608490635684,0.2694148,0.07042129,296,-0.7813066244125366,ALQRSSRLFSVYLLFAPLIL
100,100,1.0,16.956,17.0,0.002726823894750334,18.96,2.185955168799214,0.3073529411764706,0.17405379393564224,0.23307705,0.099334136,301,-0.9890792369842529,ALRCHVAECFWYMFLECYLI
100,100,1.0,17.008,17.0,0.0025584160727747415,19.17,2.140350438596446,0.2305294117647059,0.15602644838345744,0.23625572,0.06913581,312,-0.9073386788368225,ALRSLFMFTVILTSSMPPDD
100,100,1.0,17.044,17.0,0.002719911990916627,18.78,2.594532713226025,0.6421470588235294,0.17094843057763068,0.27984813,0.09518115,353,-1.00912344455719,AMIDLSRTNNHQWRPTNSRL
100,100,1.0,16.996,17.0,0.002621541509281243,19.0,2.1071307505705477,0.7431764705882352,0.11662562468077045,0.25264356,0.05629535,357,-0.9968022108078003,AMRLGLQEWSWVMRHTFFTN
100,100,1.0,16.836,17.0,0.0026236358618359355,18.99,2.002473470485939,0.7791470588235295,0.14215110569816566,0.24738552,0.07423099,435,-1.0967458486557007,AQLSKPRL
100,100,1.0,16.03,17.0,0.0033261591062490117,16.41,4.377430753307241,0.6006764705882354,0.15135938522209216,0.2914679,0.12463448,474,-0.8542187213897705,ARQMLPSKGASRSREYLSRL
100,100,1.0,17.218,17.0,0.0025738598718054377,19.46,1.6517869111964778,0.19508823529411767,0.1260568162943046,0.22178273,0.06303755,478,-1.2402100563049316,ARRSIFASLLSLRLLLCGKD
100,100,1.0,16.194,17.0,0.002904196746477567,17.09,3.7499199991466488,0.3945294117647059,0.13351452365822103,0.29394868,0.097871855,479,-0.805100679397583,ARRVRVSML
100,100,1.0,16.812,17.0,0.0025715330625484542,18.56,2.761593742750733,0.6687647058823529,0.21006251335155196,0.2613835,0.086475044,496,-0.8860985040664673,ASCMIDLSVCLRYANSYLVS
100,100,1.0,16.952,17.0,0.002572981769635282,19.11,2.1302347288503207,0.48902941176470593,0.09259228539613272,0.24411683,0.0667339,517,-0.7485783696174622,ASNSVPPSILFFCIMHMKFM
100,100,1.0,17.114,17.0,0.0025933658130992093,19.27,1.7137969541342986,0.4685,0.1447156231776497,0.2576966,0.083289444,561,-0.8197578191757202,ATPPFFKWRFISGEILVYII
100,100,1.0,17.0,17.0,0.0025385072145559925,19.16,2.1341040274550815,0.21314705882352947,0.12886277605229182,0.2560197,0.07103023,622,-0.9967342615127563,AVRIRIQCLRDSSHALMGIG
100,100,1.0,16.486,17.0,0.0029250200321994744,17.38,3.673635801219277,0.531235294117647,0.1169995268082585,0.304698,0.11036496,628,-0.790912926197052,AVRYLVMSKL
100,100,1.0,17.076,17.0,0.0023962819200623233,19.08,2.1572204337990124,0.36979411764705894,0.16753394274689035,0.23899525,0.08806285,651,-1.1395691633224487,AVWGARQSMTFFHCHFRQAA
100,100,1.0,17.096,17.0,0.002632427839098331,19.2,1.8547236990991407,0.6298235294117647,0.11043561120151998,0.25488794,0.062820144,658,-0.8208125829696655,AVYPIYVSVTSNSRFFIA
100,100,1.0,16.986,17.0,0.0025641409617085144,18.98,2.0927493877672023,0.5533235294117648,0.19012045671700806,0.25987846,0.071404204,678,-0.8265072107315063,AWSSCTWILLSCLSCKPCSQ
100,100,1.0,17.366,17.0,0.0024757550448394525,19.62,1.1813551540497884,0.2681176470588235,0.12491015456240044,0.22974877,0.06679536,705,-0.9606845378875732,CARKLSSYIHLANRWALCGD
100,100,1.0,16.72,17.0,0.002710982623966856,18.71,2.550666579543473,0.2977941176470589,0.1061837010736696,0.24475849,0.05682376,718,-0.758388102054596,CCLRCLGAVVSLIYVPVHVG
100,100,1.0,17.418,18.0,0.002604040389167803,19.45,1.5708278072405009,0.3719117647058823,0.09860126879311674,0.24855886,0.08568856,722,-0.7798095941543579,CCYFLSGWFFLVGHAFWGLN
100,100,1.0,17.152,17.0,0.003000491288604937,18.53,2.805191615558552,-0.15755882352941175,0.16699473449627378,0.25060633,0.13165668,736,-0.7517632246017456,CDSKMMRVRQFWMNNQIRTH
100,100,1.0,17.158,17.0,0.002704877398537757,18.92,2.225668438918969,0.29794117647058826,0.1128204777848971,0.29049283,0.120049566,765,-0.9044289588928223,CFQRVMELFFNV
100,100,1.0,16.858,17.0,0.00261086686412607,18.94,2.3529555881911586,0.5308235294117646,0.10702122804656633,0.22877865,0.0624716,774,-1.0907806158065796,CFSRSSSSKINNDLMPVLCM
100,100,1.0,17.084,17.0,0.0025549822566186685,19.2,1.8867962264113205,0.04391176470588236,0.10187791645686367,0.24009661,0.07531512,784,-0.9328131675720215,CGAWSNSWLLRISHCAMLVT
100,100,1.0,17.094,17.0,0.002507513719713507,19.08,2.398666296090392,0.4999117647058823,0.12285562390570288,0.242058,0.061905783,818,-0.9997907280921936,CILFLNFSWETLWTPSWLMS
100,100,1.0,16.946,17.0,0.0025346709537812343,18.92,2.3608473055240142,0.3626176470588235,0.12337896651035227,0.27482036,0.072634324,826,-0.8107020258903503,CIVALFPFEYSLWVIISRLA
100,100,1.0,16.926,17.0,0.0026024047842124628,18.63,2.6745279957405566,0.7907058823529413,0.1695882046887406,0.2768439,0.09151929,828,-0.815012514591217,CKAML
100,100,1.0,16.838,17.0,0.002506563990484603,18.78,2.33914514299562,0.5999117647058824,0.18709140254585296,0.26170766,0.095987715,834,-1.1125484704971313,CLETGPQGIGYYMKLLWFCR
100,100,1.0,17.074,17.0,0.002662988428686524,19.0,2.4698178070456938,0.6806176470588235,0.16040557107480372,0.246296,0.06849964,878,-0.9888073205947876,CLVPAKVYAYETFMIYYHLL
100,100,1.0,17.162,17.0,0.0027741338995710533,19.08,2.14326853193901,0.7016764705882352,0.1429776369621497,0.25636035,0.08184207,916,-0.8696293234825134,CPLLRTVVVS
100,100,1.0,16.802,17.0,0.002725955591117701,18.76,2.2499777776680374,0.49629411764705883,0.10240416230186841,0.24112915,0.076048926,937,-0.9090789556503296,CQCSYSLSMLHLTRHVRLRS
100,100,1.0,17.174,17.0,0.002532282272712817,19.28,1.783704011320264,0.04544117647058824,0.08996959790236256,0.24303511,0.0661442,946,-0.8502343893051147,CRARHLFSGVTVYPTRWYLF
100,100,1.0,17.248,17.0,0.002673429802419749,19.16,1.8906083676954355,0.4197647058823528,0.14554579298169798,0.24905287,0.07661441,963,-1.0240519046783447,CRRMVLTTVPSPMRFAA
100,100,1.0,16.4,17.0,0.0027466615288035913,17.34,3.427010358898846,0.3345882352941177,0.2830824277479158,0.2912981,0.090199135,971,-0.7388045787811279,CSCVPWFPRREVLRKFTRWS
100,100,1.0,16.514,17.0,0.0027481543001705066,17.66,3.3681448899950843,0.40861764705882353,0.19071902511231645,0.28686106,0.11654863,1015,-0.7633334994316101,CVCFRFPAFRLF
100,100,1.0,16.858,17.0,0.0026029943873607042,18.76,2.585033848907979,0.18555882352941178,0.09986677544293819,0.25294298,0.096679896,1026,-0.8296622037887573,CVFPNHQVMLLLHATQVRVT
100,100,1.0,17.224,17.0,0.002424950138632269,19.58,1.2820296408429877,0.3115882352941176,0.20953599256435823,0.2347129,0.07458197,1028,-0.7811317443847656,CVFVFLTVFRAY
100,100,1.0,17.062,17.0,0.0028021403039726477,18.89,2.34049140139416,0.24382352941176466,0.18039868381201474,0.26428255,0.09720105,1047,-0.7951322793960571,CVRHNARIVRAPPRILVRLY
100,100,1.0,17.094,17.0,0.0027080839872718225,19.04,2.1256528408938276,0.6454117647058826,0.13177607619008605,0.24388039,0.0732726,1064,-0.7977469563484192,CVTVLTVSLWLTKGQARSSI
100,100,1.0,16.766,17.0,0.002759453630199659,18.78,2.4842705166708394,0.5758235294117646,0.1609264806672003,0.23922098,0.061746895,1068,-0.9542866349220276,CVWLFYAIIRNDFFERGHFT
100,100,1.0,17.226,17.0,0.00255246417357496,19.22,1.900421005987884,0.5061176470588236,0.12912312731234638,0.27439195,0.09239085,1101,-0.7573984265327454,DAWGMLLFMYLIMSKFVNHR
100,100,1.0,17.044,17.0,0.0028035042973985663,18.77,2.3102164400765566,0.6751470588235293,0.12236169015665435,0.2837513,0.090848535,1135,-0.9586084485054016,DFELPILARL
100,100,1.0,16.972,17.0,0.002739841644675293,18.73,2.5292489003654817,0.5415,0.17781687199306462,0.26477224,0.07947167,1191,-0.788733959197998,DIYVILLYMPRL
100,100,1.0,16.846,17.0,0.002726754453119088,18.76,2.3584740829612696,0.4940882352941175,0.13770266285152724,0.23846872,0.08169786,1234,-0.8430018424987793,DLQFLKKSVSRHLFLSLNRS
100,100,1.0,17.174,17.0,0.002449286097277779,19.23,2.0290638235403042,0.14470588235294118,0.11575388519490938,0.2519132,0.08052879,1251,-0.8932448029518127,DLVAWFLVYRIIYIWMRICL
100,100,1.0,16.4,17.0,0.002889895086371782,17.33,3.6525470565072804,0.4103823529411765,0.10510371792896459,0.28608108,0.13402766,1258,-1.0727936029434204,DMKLYRGSRL
100,100,1.0,17.146,17.0,0.0027200823235551267,18.72,2.5964591273501694,0.6925294117647058,0.15106566092277424,0.26825944,0.08162519,1265,-0.8802269697189331,DMWMEFMLVSWQRLKLMSRM
100,100,1.0,16.87,17.0,0.0029590894263171177,17.63,3.892698292958241,0.577264705882353,0.11895148541465524,0.3039569,0.112804964,1280,-0.7862113118171692,DPGSSVRHKL
100,100,1.0,17.03,17.0,0.002632542644788104,18.98,2.0148449071826846,0.20338235294117646,0.10291627850161916,0.25198987,0.07515909,1282,-0.781025230884552,DPHLFAPGSYKVVVVVMLLQ
100,100,1.0,17.266,17.0,0.002640200144610082,19.14,2.0100746254803576,0.34158823529411764,0.11433198488684645,0.23676212,0.06136874,1308,-0.9652589559555054,DQYMSMLTRLFVSDQLQRFC
100,100,1.0,16.81,17.0,0.0026551655223355807,18.73,2.374257778759501,0.5713529411764706,0.13920723393286266,0.25632265,0.07189901,1409,-0.8268505334854126,DVHRSYFSGVILSWLLSLLT
100,100,1.0,17.124,17.0,0.002430518876948724,19.54,1.4029967925836468,-0.004588235294117643,0.11855044332458965,0.22869048,0.08224365,1563,-0.8617332577705383,ELIQNFLWISSFMRMMYSV
100,100,1.0,16.456,17.0,0.0028545615845306485,17.89,2.9762224379236173,0.574970588235294,0.13663497642260902,0.27511916,0.11444409,1570,-0.8907971382141113,ELPEPPVCLLF
100,100,1.0,16.75,17.0,0.0023893990956740632,18.82,2.519444383192453,0.4355,0.21185996836064058,0.25124174,0.07346585,1674,-0.7916311621665955,EVGIWTVFVLNLLPFFWTTQ
100,100,1.0,16.784,17.0,0.002586287554225624,18.02,3.255702689128723,0.5305588235294116,0.15235117816377158,0.29785395,0.1127371,1691,-0.8010143041610718,EYHGMYFTQPFSYGAMLCSC
100,100,1.0,17.214,17.0,0.0025331936973527237,19.36,1.6584329953302306,0.11117647058823531,0.09193329159671282,0.23560828,0.083116814,1700,-0.9767130017280579,FAAGIVIRRLSGWTWLFLSL
100,100,1.0,17.104,17.0,0.002801025468003421,19.16,1.8478095139921755,0.5709705882352941,0.15875796849466686,0.2466796,0.08081154,1705,-0.9857169389724731,FACALLGPEHYCFIRMRGTT
100,100,1.0,16.726,17.0,0.0026688377003732285,18.43,2.713871772947278,0.27964705882352936,0.10549412486305973,0.27213275,0.0888106,1719,-0.8307214975357056,FALSCIVYLSCVILL
100,100,1.0,16.828,17.0,0.0026923701643468963,18.87,2.256789755382632,0.22329411764705878,0.16563899545882607,0.24025697,0.086676486,1739,-0.9079822897911072,FAWLVSSYWFTVYQQLKRLP
100,100,1.0,16.926,17.0,0.002546811960506446,18.96,2.4038302768706443,0.626735294117647,0.19194375212347692,0.25291026,0.07711883,1750,-0.8368597626686096,FCKTIIVSWII
100,100,1.0,16.558,17.0,0.002611978396762601,18.23,2.7526532654876816,0.6849117647058824,0.2180301298978024,0.2785692,0.08420436,1784,-0.7730023860931396,FDSDVLYTKRQFYSFKCTLI
100,100,1.0,17.258,17.0,0.00252038235275791,19.1,2.426932219902319,0.5020882352941176,0.16546374747993534,0.25705877,0.06984413,1809,-0.7528303861618042,FESISYLFLYKAFLYPMCEL
100,100,1.0,17.164,17.0,0.0026188609714168777,19.13,1.9680193088483657,0.4822352941176471,0.09438374148887851,0.26931274,0.058886576,1826,-0.7766864895820618,FFFVIAY
100,100,1.0,16.728,17.0,0.002700410182428119,18.7,2.5039968051097827,0.6638823529411764,0.1381990440580061,0.25186935,0.07525377,1828,-0.9041285514831543,FFGLTFYVFRSF
100,100,1.0,16.952,17.0,0.0028162986947115696,18.57,2.6655393450482023,0.4180588235294118,0.17576575911173534,0.26569173,0.104838714,1832,-0.820313036441803,FFHPNYFILPFSSQIRFFWH
100,100,1.0,17.204,17.0,0.0025520482844363763,19.34,1.6076069171286869,0.38817647058823535,0.12280951294825752,0.22788243,0.07733111,1843,-0.9874212145805359,FFMYPFVAMVFRFLPGLGFL
100,100,1.0,16.602,17.0,0.002821701057581615,18.46,2.570680843667685,0.48620588235294115,0.15763427022316223,0.25174892,0.07828404,1846,-0.7338911294937134,FFPFVFVLLTSSYR
100,100,1.0,17.248,17.0,0.0027488171828008922,19.06,2.185497654997598,0.4897647058823529,0.19502350137859126,0.2400779,0.10815132,1853,-0.9274561405181885,FFSCWLIVFVFFSMI
100,100,1.0,16.396,17.0,0.0028809148872540875,17.31,3.705927684129845,0.6136176470588236,0.11952519605233651,0.29652715,0.12614323,1861,-0.8606743812561035,FFTRVVTYSTSYIESLLARL
100,100,1.0,16.988,17.0,0.0026743813537506386,18.57,3.0372849718128196,0.2916470588235294,0.18780268302360606,0.2585548,0.10564602,1865,-0.7421863079071045,FFWQRIVWATVLDPVFSWTE
100,100,1.0,16.714,17.0,0.0025931606258026256,18.71,2.3336452172513282,0.40432352941176464,0.11896210251130414,0.24949083,0.066680625,1866,-0.8327227830886841,FFWVVLTMDSRLFISFSWSI
100,100,1.0,17.152,17.0,0.0026472281061748824,18.71,2.736037280447764,0.6834411764705881,0.22689404833434962,0.26671994,0.09350396,1897,-0.8033571243286133,FGPVLYRWLRSAGPMPVPAI
100,100,1.0,17.198,17.0,0.002458917097986334,19.44,1.5894653189044423,0.6186470588235293,0.17898416740016643,0.23530985,0.059845753,1942,-0.9111232757568359,FHTTRDRVTAFLAMLRCSWV
100,100,1.0,16.862,17.0,0.002735114699246958,18.8,2.4979991993593598,0.5740294117647059,0.13145055446781573,0.22948149,0.06507051,1958,-0.9904812574386597,FILAIFGLSDHVGRLDLMVT
100,100,1.0,16.938,17.0,0.002731853689698063,18.56,2.677013261080341,-0.05888235294117647,0.10587334929039223,0.26449418,0.11907159,1961,-0.7821323871612549,FILMFKMYHWACHITLSDWY
100,100,1.0,17.124,17.0,0.0024415639070147826,19.15,2.0512191496766015,0.4125294117647059,0.1098037097336892,0.24977604,0.06979402,1970,-0.7879264950752258,FIPLPWNDVFQSFLPVRIF
100,100,1.0,16.872,17.0,0.002615147173362296,18.96,2.3954957733212554,0.5403235294117646,0.15737536673623137,0.22269124,0.06905264,1979,-1.158050775527954,FISSMLFLMFWFLP
100,100,1.0,17.098,17.0,0.0027475038124318897,18.72,2.6384844134464776,0.6995294117647058,0.1379099550770087,0.24975114,0.07388964,1981,-1.1311033964157104,FISVMMVSLPWDYFLVIKIF
100,100,1.0,16.806,17.0,0.0027097660484449535,18.58,2.5619523805098328,0.1305294117647059,0.12650805190671396,0.2482895,0.08808135,1986,-1.2419898509979248,FITVGKMSLVP
100,100,1.0,17.144,17.0,0.0024731565431463055,19.23,1.9123545696339892,0.13117647058823534,0.108381455020624,0.25007325,0.07719137,1992,-0.7659575343132019,FKLSRFQGLMLINQLMVPAY
100,100,1.0,16.812,17.0,0.0028850634489936047,18.3,2.780287754891569,0.5439705882352941,0.11862780546049775,0.2761796,0.12240566,2012,-1.1676123142242432,FLAWLCGCFPGQPGNSIKIV
100,100,1.0,16.756,17.0,0.0029942532888650956,17.84,3.2053704934063396,0.37705882352941184,0.20345629424478387,0.2808758,0.13294667,2019,-0.7746691107749939,FLCQSML
100,100,1.0,17.036,17.0,0.0025259515039243808,19.0,2.2181073012818833,0.14726470588235294,0.12192179054779594,0.24943554,0.085080504,2031,-0.7357704043388367,FLELLLLSGVWDVNRLI
100,100,1.0,17.074,17.0,0.0026606266215768795,19.12,2.1179235113667354,0.5741764705882353,0.10205295795994206,0.25005135,0.073588654,2038,-0.9146541953086853,FLFNSFLFVYYCCFIPS
100,100,1.0,17.062,17.0,0.0027407679823673765,18.85,2.4794152536434875,0.18767647058823533,0.12586221320476917,0.29068747,0.07269686,2052,-0.8240655064582825,FLHFLSSFKPRASLFFFSGF
100,100,1.0,16.624,17.0,0.0024778400391020318,18.45,2.7906092524751656,0.7206918801731074,0.1186251146637476,0.25349227,0.07477395,2061,-0.9872708320617676,FLKTYCMVSEVSVIMLF
100,100,1.0,17.232,17.0,0.002645167946325231,19.3,1.9570385790780929,0.519235294117647,0.12745677060753743,0.24383949,0.07971007,2068,-0.9376642107963562,FLLMLFLCFMSMHCYTQLFI
100,100,1.0,17.212,17.0,0.00276173810705096,19.17,1.871122657657696,0.6787058823529414,0.2044953785824797,0.25561896,0.08656488,2075,-0.7442803382873535,FLMFRSSQRIHMYILGSSAS
100,100,1.0,17.112,17.0,0.0027538455218812014,18.94,2.2218010712032705,0.6783823529411763,0.16711337914089724,0.26097405,0.07701498,2094,-0.8294748067855835,FLQCDLASGHEV
100,100,1.0,17.182,17.0,0.002689174117024451,19.31,1.665502927046362,0.7128823529411767,0.13265311059626553,0.23697971,0.054658063,2105,-1.008620262145996,FLRNIFLHNNTFNLISLWIY
100,100,1.0,17.016,17.0,0.0027420352846878205,18.91,2.2895196002655225,-0.0635,0.11730766854876122,0.24437137,0.10584287,2114,-1.0181314945220947,FLSAKIMCTFRCNIL
100,100,1.0,17.156,17.0,0.0025967636175265496,19.13,2.2255561102789567,0.3569117647058823,0.1627990328180889,0.21518803,0.071230836,2115,-1.2389591932296753,FLSFLVRVSMTCFRLRSHYF
100,100,1.0,17.258,17.0,0.0024895615384437505,19.44,1.6989408465276243,0.062,0.20838175308145632,0.23848468,0.09273668,2135,-1.6701343059539795,FLTIFMSSIRALRQLFPCTP
100,100,1.0,16.692,17.0,0.0028854815452721127,17.67,3.49014326353518,0.23208823529411762,0.1909628195301551,0.28589365,0.111917466,2141,-0.7353253364562988,FLVCYIYWFFWLDYLMFILF
100,100,1.0,16.76,17.0,0.0025092313016245324,18.63,2.583234406707994,0.3791470588235295,0.11262063505169186,0.23949786,0.07450652,2144,-0.9718329906463623,FLVHMIPRHVSGLSRCGGSR
100,100,1.0,16.762,17.0,0.0024881396167113026,18.75,2.3038012067016544,0.395470588235294,0.16995593770517603,0.24908108,0.10292901,2152,-0.8291997313499451,FLWIYFM
100,100,1.0,16.992,17.0,0.0025648773936830407,19.23,1.8807179480187877,0.4242352941176471,0.13444305209290425,0.22933917,0.070515044,2177,-0.9965184330940247,FMSAPFPFYIFSELLVAYFF
100,100,1.0,16.092,17.0,0.002967523887429884,16.99,3.497127392589523,0.6078235294117647,0.13237922614810427,0.308995,0.11199535,2181,-0.8719120025634766,FMSRIMIRHRSMRFFSMCKL
100,100,1.0,16.726,17.0,0.002736753405907749,18.1,2.8930952282978866,0.27341176470588235,0.19373577411776685,0.27811667,0.122599386,2253,-1.0266262292861938,FPTVNFRKQLYLHSDYLLNG
100,100,1.0,16.946,17.0,0.0025716493681430972,18.85,2.5114736709748717,0.29208823529411765,0.13101526298469235,0.25923458,0.08874123,2292,-0.7341670393943787,FRFCSFHLLSFFHTYIVTVV
100,100,1.0,16.686,17.0,0.0026699895912182347,18.07,2.8434310260669244,0.47594117647058826,0.10998063686135422,0.28778788,0.112723306,2293,-0.8400568962097168,FRFFVISDILNLLFRCFLHL
100,100,1.0,17.072,17.0,0.002590109337460733,19.47,1.4384366513684224,0.5236764705882353,0.13095891679940452,0.22636889,0.052113127,2295,-1.2049510478973389,FRFWLSFPMMSVCLPMVLLY
100,100,1.0,16.706,17.0,0.0030811800619874683,17.81,3.273209434179243,0.2957941176470589,0.20805586112744084,0.2713352,0.12549186,2298,-0.8403500318527222,FRGLPFVPPQSRNSFWYEYV
100,100,1.0,16.984,17.0,0.002668857780995452,19.12,2.2771912523984454,0.39067647058823524,0.12930547439819615,0.22713177,0.06717676,2300,-1.0561093091964722,FRISLSLSLIWRFDFNQPPF
100,100,1.0,17.08,17.0,0.0027223327728015424,19.09,2.035165840908303,0.5516764705882353,0.2138800617071347,0.25159246,0.097940445,2322,-0.8061099052429199,FRSALHHLVYQIEMLRTLLG
100,100,1.0,17.168,17.0,0.0026932993078066674,19.11,2.1161049123330344,0.7578235294117648,0.1443408955135275,0.23663482,0.06571281,2339,-0.8806485533714294,FSARYSHDRTSVLMVYIFWA
100,100,1.0,17.134,17.0,0.0025347431029428004,19.36,1.7176728442867109,0.5092352941176472,0.15613576516170075,0.23126352,0.06525023,2341,-1.1652095317840576,FSCGKHLCSSRIFDQRRCRV
100,100,1.0,16.896,17.0,0.002544138281552854,19.17,2.0300492604860603,0.5471176470588235,0.11274030850866852,0.2234142,0.053910702,2390,-0.9787837266921997,FSMKRAICHLMISSGILDGT
100,100,1.0,16.202,17.0,0.003011081277202515,17.0,3.823610858861032,0.4875,0.07740310943031274,0.29511967,0.11784619,2421,-0.9379183650016785,FSVLMDLALTSFNNFICCKL
100,100,1.0,17.14,17.0,0.0025982864650870028,19.11,2.0923431840881173,0.22858823529411765,0.11314861464701985,0.23948787,0.07414262,2449,-0.8904263973236084,FTLMWVEFDVSWLNFASVIA
100,100,1.0,17.006,17.0,0.0025304602245822204,19.07,2.026104636982009,0.6682941176470587,0.15464692457425983,0.24194689,0.051463995,2460,-0.9676828980445862,FTRLVNIGFRVMFQLLSMHT
100,100,1.0,17.282,17.0,0.0025226332981762105,19.41,1.7383612973142264,0.5833235294117647,0.17088465878772305,0.26097056,0.08014394,2468,-0.9376844167709351,FTTYLFGRLVRLLFV
100,100,1.0,16.648,17.0,0.0027106704082981254,18.45,2.5273503912200224,0.5421176470588235,0.17319653016814088,0.2574411,0.07118824,2470,-0.8490191698074341,FTWILYVF
100,100,1.0,16.754,17.0,0.0027026121169630214,18.18,3.0931537304181957,0.5898235294117647,0.12144845261920226,0.29287755,0.10314625,2493,-0.8569135665893555,FVHTLFASDCLSLFTIPSRL
100,100,1.0,16.88,17.0,0.002622479921731533,18.78,2.364656423246303,0.34729411764705886,0.2299092193343888,0.25868168,0.08713873,2494,-0.7825204730033875,FVIILLKFCLINEKINYWCD
100,100,1.0,16.786,17.0,0.002699708330389465,18.26,2.900413763586154,0.2202211519379744,0.20284261498323314,0.26440704,0.09019754,2504,-1.0701704025268555,FVLSHDVCFMVDFLNITFLL
100,100,1.0,17.184,17.0,0.002787337155121143,18.87,2.6557673090841374,0.45547058823529407,0.22629290967429389,0.24989712,0.0899046,2527,-0.8595640063285828,FVPTIMHRVGPYSIFVWHHV
100,100,1.0,16.986,17.0,0.0025084253111981704,18.9,2.206807649071391,0.31108823529411767,0.22947881938582654,0.27716443,0.09896043,2529,-0.7714077234268188,FVQFVFVALIKESFCGVRVW
100,100,1.0,17.26,17.0,0.002675746263524657,19.1,2.165640782770772,0.2939411764705882,0.19918250746558247,0.24454279,0.11408338,2569,-0.7665013074874878,FWELNSAFPAMAHRLCQQCA
100,100,1.0,16.97,17.0,0.002821730153716646,18.94,2.3187065359807826,0.5495588235294119,0.21130152572825053,0.23975977,0.072567716,2570,-0.8114913702011108,FWGIDFVVTNFSFNKIFIMM
100,100,1.0,17.026,17.0,0.00262870217016548,19.04,2.087678136111982,0.3933235294117647,0.1374526373288287,0.24884032,0.08850694,2573,-0.8406327962875366,FWLCFFSLLSKVSVTWFQHT
100,100,1.0,17.164,17.0,0.002621131806888744,19.15,1.8405162319305965,0.2725294117647059,0.16958233855615099,0.24532336,0.084235646,2591,-0.7759272456169128,FYMLMFLSIDIFARLFFSPI
100,100,1.0,17.092,17.0,0.0026908084765136175,19.18,2.006888138387389,0.2687647058823529,0.11242435365221207,0.21206251,0.054271095,2615,-0.9901804327964783,GAHTGVQSGSDRVQKWTQWC
100,100,1.0,17.206,17.0,0.002533385687376487,19.2,1.9442222095223578,0.6403235294117647,0.1790933988223187,0.2319154,0.078658134,2631,-1.0148851871490479,GAPHIMVLVAVVVATITGYP
100,100,1.0,16.902,17.0,0.002695308936429685,18.46,2.761955828756137,0.731735294117647,0.15880952824996294,0.3004096,0.085227996,2641,-0.8204360008239746,GARSVLVYMLFFE
100,100,1.0,16.368,17.0,0.0030210887342520076,17.0,3.8522720568516444,0.425235294117647,0.1356071697893216,0.28892568,0.11801551,2664,-0.9390615820884705,GCACRLV
100,100,1.0,17.14,17.0,0.002557595467837703,19.35,1.6933694221876103,0.42267647058823526,0.14274393011534706,0.23144798,0.07397836,2667,-0.9642642140388489,GCHLVSVFVLCQWVFLFDPC
100,100,1.0,17.198,17.0,0.002550067435478298,19.17,2.025117280554388,0.6338529411764706,0.14785109817594833,0.25809446,0.07101037,2747,-0.8810016512870789,GFCQCS
100,100,1.0,17.096,17.0,0.002589004943282481,19.13,1.9982742554514383,0.4468823529411764,0.13726746301066428,0.23770197,0.07645258,2752,-0.8423395156860352,GFFQAFLLRFWRKLVVV
100,100,1.0,17.172,17.0,0.0023980329031829356,19.03,2.1608100332976985,0.6645294117647059,0.10171693880636797,0.27700537,0.08273465,2765,-0.7819738388061523,GFLNFTTFPRYYLRSKGFSH
100,100,1.0,16.948,17.0,0.0024752895203560246,19.01,2.1377324435017586,0.7171176470588233,0.10392835900863813,0.2564516,0.06603843,2862,-0.8600261807441711,GHRACKRHRTFSTGLPLLEA
100,100,1.0,17.22,17.0,0.0025752848325119137,19.23,2.1206366968436625,0.3737941176470588,0.10828331335693923,0.24603714,0.08493337,2888,-1.0080493688583374,GIRGRMRRLRFMCMMRLNLG
100,100,1.0,16.904,17.0,0.002731210377942198,18.84,2.5989228537992424,0.25805882352941173,0.10417381336498852,0.25219733,0.07902141,2908,-0.7876179218292236,GKSSWSTASFDRASRHSMMG
100,100,1.0,16.924,17.0,0.0027274976862873583,18.85,2.2907422377910613,0.43211764705882344,0.16524108422833292,0.2551883,0.0730816,2918,-0.7456769347190857,GLARLNTVLSLCCCARLTGR
100,100,1.0,16.74,17.0,0.002341201579150596,18.6,2.3706539182259396,0.2275294117647059,0.13465932922785886,0.29233813,0.07285181,2933,-0.760765016078949,GLFIWPELLRPVGPRVLQWN
100,100,1.0,16.988,17.0,0.0028657942176029813,18.96,2.412135982899803,0.2631764705882353,0.1519637773266286,0.23959342,0.09076807,2989,-1.2022367715835571,GLSAVMPSRGGLHRSCFWGR
100,100,1.0,16.91,17.0,0.00249533835254605,18.69,2.365142701825833,0.6185882352941178,0.15178344617537173,0.27203542,0.10871464,2992,-1.0658416748046875,GLSPSGALLSHVFRARM
100,100,1.0,17.002,17.0,0.0026067406016440893,18.98,2.1586106642931235,0.5917941176470588,0.21296201352389646,0.24271952,0.076228425,3044,-1.02937912940979,GNSSVLMSPLRSYMPDMLM
100,100,1.0,17.238,17.0,0.0027120755114563395,18.96,2.420413187866898,0.4035000000000001,0.1385220398937735,0.26196045,0.08208384,3087,-0.7517678141593933,GPTVWVIQDVREPTSFCCTN
100,100,1.0,16.616,17.0,0.002666613419363098,18.23,2.716081736619868,0.5492647058823529,0.14343679207859925,0.27400056,0.110311866,3132,-1.1218870878219604,GRAVSSRNFGPTSSHYSCKL
100,100,1.0,16.756,17.0,0.002675227891438877,18.01,3.0610292386712024,0.5048529411764705,0.1115123893375913,0.27282536,0.12796302,3133,-1.154559850692749,GRCAGFPTLLPPVRSRL
100,100,1.0,17.246,17.0,0.0025371024891420613,19.15,1.9817921182606415,0.3447647058823529,0.15858455878091354,0.25263762,0.0818154,3141,-0.7802969217300415,GRHSLVVLPRHLNTWNPRRA
100,100,1.0,17.162,17.0,0.002512865243102922,19.17,2.2805920283996435,0.46717647058823525,0.23455056042978,0.25064138,0.09338499,3188,-0.8570165038108826,GSFGTAVPLKRLILELVLVR
100,100,1.0,16.89,17.0,0.00259185223894703,18.65,2.68467875173176,0.7402058823529412,0.12617547990835543,0.25405818,0.08057129,3226,-1.352297067642212,GSSVLHKSRL
100,100,1.0,16.798,17.0,0.002693611413775622,18.41,2.8428682698992573,0.0932941176470588,0.15848770596224954,0.28265268,0.105590865,3238,-0.8030675649642944,GTDAVDVLLRVGITPRG
100,100,1.0,17.056,17.0,0.0026906941449052865,18.94,2.1204716456486747,0.3382941176470588,0.16327793825592993,0.24991676,0.0923791,3281,-0.7961181998252869,GVCRYLIRTSLLLRLRGVRR
100,100,1.0,16.924,17.0,0.0027532296087520976,18.11,3.2152604871145356,0.4872647058823529,0.08778222404411663,0.2915289,0.0944454,3288,-0.9723560810089111,GVEYGLGTTEGCGCTKCIFL
100,100,1.0,17.06,17.0,0.00259172805231831,18.91,2.3155776817027753,0.7530294117647057,0.1282942761009891,0.25690213,0.073074296,3293,-0.8953942656517029,GVFSVVAFRLFLRL
100,100,1.0,16.95,17.0,0.0024880535286998205,19.04,2.101999048524999,0.6897352941176471,0.10446394305177205,0.2655559,0.06259768,3310,-0.7807056903839111,GVILRLSKSLWFVG
100,100,1.0,17.224,17.0,0.0025056563603490147,19.12,2.4951152278001114,0.14297058823529413,0.13394654656108212,0.24042788,0.07814166,3317,-0.9635355472564697,GVLLILSMLMFIGYW
100,100,1.0,16.96,17.0,0.002604466772462375,18.74,2.423303530307336,0.5051470588235294,0.17426731196859968,0.25988883,0.087933555,3323,-0.9280180931091309,GVMNTQEFPSIRLKLLLWLA
100,100,1.0,17.118,17.0,0.0027176523564021245,19.25,1.8993419913222578,0.21008823529411763,0.2193294495489522,0.2381913,0.06548078,3330,-1.1392097473144531,GVPAFARTLFNWILPQVRLP
100,100,1.0,16.958,17.0,0.002643343236293051,18.66,2.3631335129442013,0.799,0.22728357514218173,0.2784859,0.08931293,3344,-0.7644358277320862,GVRICYKTLSIETCLFLDML
100,100,1.0,16.816,17.0,0.0027904436438791723,18.66,2.6161804219128317,0.6247058823529411,0.13208535040793715,0.24454772,0.066150546,3391,-0.8816842436790466,GWISFVPRLLVIFRMLPQSI
100,100,1.0,17.122,17.0,0.002801653477895297,18.9,2.3600847442411896,0.2071470588235294,0.1113873311613695,0.25421193,0.109900415,3415,-1.243845820426941,GYHHFYKLLSSKLVKLISVA
100,100,1.0,17.01,17.0,0.002590126349549978,19.22,1.8252671037412582,0.25705882352941173,0.19229896706317487,0.23704432,0.072358176,3456,-0.8467298150062561,HFRFMFSVFSVLTEILPPAL
100,100,1.0,16.93,17.0,0.002500263801731916,18.68,2.5956887332652196,0.5147058823529411,0.12100215903590103,0.28477487,0.100293696,3479,-0.8187536597251892,HIGCGLGLQDVAHKLVVPRL
99,99,1.0,17.102,17.0,0.002771304729272935,18.86868686868687,2.3937902182562882,0.5769459298871065,0.19257825447179028,0.23807295,0.08905939,3526,-0.7543220520019531,HPHQLYGRLWPLSHWKV
100,100,1.0,16.836,17.0,0.002599047325300226,18.81,2.2391739548324514,0.5208529411764705,0.16419147348567747,0.22582172,0.07721925,3533,-0.8031100034713745,HPRVHAGMDFIANAKLMRVM
100,100,1.0,17.072,17.0,0.002601184217319619,18.93,2.3590464175170442,0.6539117647058823,0.2317068661030742,0.26510623,0.07453138,3549,-0.9428860545158386,HRQWLSFWVIGTWYTRMVGG
100,100,1.0,17.278,17.0,0.0026830957028678164,19.1,2.1,0.6411470588235294,0.165907640438014,0.26402292,0.085566275,3565,-0.8192456960678101,HSPWLTFFFTPLPRYGTPPW
100,100,1.0,17.102,17.0,0.002661381375064891,18.81,2.4645283524439314,0.6865882352941177,0.17152547804736523,0.26486552,0.07393285,3566,-0.8389262557029724,HSPWLTFFLTPLPRYGTPPW
100,100,1.0,17.02,17.0,0.0026808366468144677,18.54,2.84401125173583,0.31076470588235294,0.10911504674244307,0.28905103,0.1136364,3620,-0.7742997407913208,ICSVL
100,100,1.0,17.122,17.0,0.0026072512246442196,19.09,1.9904522099261768,0.37179411764705883,0.1274049581311551,0.24580245,0.071244,3691,-0.7318515777587891,IGMRNAVNFLLLSMFFTTGA
100,100,1.0,17.098,17.0,0.002759620518082663,19.33,1.6495757030218403,0.5127352941176471,0.12558930637372168,0.22892463,0.071279615,3699,-0.9876433610916138,IGWWLLLHTVFLTVMCVDLD
100,100,1.0,17.234,17.0,0.0025789327415312387,19.22,1.9317349714699479,0.5116176470588235,0.16440801584697895,0.25025123,0.07889221,3700,-0.935783326625824,IHFFSFLKSSHLNYIFFSTF
100,100,1.0,17.356,18.0,0.0026207190261269904,19.24,1.9855477833585373,0.28491176470588236,0.13148055956396215,0.24668361,0.092756234,3705,-0.97166907787323,IHIKLNYIWVYYYYTVQSI
100,100,1.0,16.8,17.0,0.00278183446736465,18.26,2.944893886033926,0.5961764705882353,0.17054690168613584,0.28167012,0.10036357,3722,-0.7567036747932434,IIFSFFFPMEV
100,100,1.0,16.706,17.0,0.002710489846764679,18.08,2.7556487439439734,0.11247058823529411,0.13396671073358143,0.29293996,0.079701856,3743,-0.8206872940063477,IKPFCMRSQTVMCLTTL
100,100,1.0,16.952,17.0,0.0026325769577830406,18.53,2.899844823434523,0.7747647058823529,0.11205394462128637,0.2661732,0.080764495,3762,-1.0038020610809326,ILGQLSGCDPGVGPYLSSRL
100,100,1.0,16.662,17.0,0.0027348452248064474,18.1,2.8792360097775944,0.4491470588235294,0.21872914433452822,0.27995384,0.10568191,3778,-0.7343588471412659,ILPGYSCIVV
100,100,1.0,17.182,17.0,0.0027431782074218173,19.17,1.975120249503812,0.5961176470588235,0.1942009090596251,0.24813034,0.092517555,3792,-0.9204200506210327,ILSVLEPLFSHWCFPST
100,100,1.0,16.688,17.0,0.00248294152051732,18.18,2.8857581326230375,0.5232352941176471,0.15305453943455088,0.28387654,0.1205733,3808,-0.8634265065193176,IMDHYNSTFNKLDMIMEHWS
100,100,1.0,16.996,17.0,0.0026732248718297985,18.82,2.409896263327531,0.5681470588235293,0.11063442011189288,0.27266154,0.089153424,3818,-0.7301154136657715,IMRHGLFSLHILIQLMLHDR
100,100,1.0,16.84,17.0,0.0026002681514006192,18.66,2.2592919244754537,0.6629705882352941,0.1637509581577398,0.24154282,0.067604914,3836,-0.9991730451583862,IPCCNDSIFRILYHWSLCRV
100,100,1.0,16.942,17.0,0.002879462307887714,18.64,2.4638181751095187,0.14188235294117646,0.16747417298173756,0.25471392,0.090547346,3846,-0.8378172516822815,IPLCVAEAYCPYEKMKWRGS
100,100,1.0,16.646,17.0,0.002616606046329891,18.31,2.6026717042300973,0.7512647058823528,0.12534606421084304,0.26851726,0.11110771,3851,-1.065412998199463,IPRIRAVSILTDAMPLRSNL
100,100,1.0,17.07,17.0,0.002731460188815759,19.26,1.7585221067703414,0.24962479164191556,0.13320445957862306,0.2291995,0.07481499,3872,-1.0426337718963623,IQWMLFHSAFNLFQLTFYYD
100,100,1.0,17.086,17.0,0.0027292668553289606,19.42,1.5885842753848471,0.42085294117647065,0.17795945214850642,0.23391709,0.072117895,3919,-0.8861556053161621,ISLRLEYCFRNWMQSRRRIR
100,100,1.0,16.93,17.0,0.0025950251490314416,18.83,2.6946428334753385,0.5726176470588235,0.18873220028814783,0.25118136,0.085725754,3936,-1.4489030838012695,ISYTGNTRCQFILPDLTHLI
100,100,1.0,17.426,18.0,0.0023856749410581823,19.31,2.0233388248140742,0.484264705882353,0.2078733040908169,0.25841096,0.07691954,3987,-1.0241414308547974,IWTKLHNWFFCQ
100,100,1.0,16.92,17.0,0.002585807095524791,19.2,1.9339079605813714,0.26937461302992705,0.1121592551623926,0.2299667,0.049009047,4034,-0.8312099575996399,KGRVLTYLSPRISWLKLVLA
100,100,1.0,16.658,17.0,0.002913188060010132,17.9,2.968164415931166,0.41655882352941176,0.17622760477609942,0.297207,0.097425155,4078,-0.7734581232070923,KMCIHVHAHILTQVFAPVCH
100,100,1.0,16.708,17.0,0.0026010438347586406,18.42,2.5736355608360713,0.26597058823529407,0.09321001234515572,0.2432416,0.07827488,4080,-0.9253734350204468,KMGSVFVGQLLISWPGLRLQ
100,100,1.0,16.698,17.0,0.0028175767886920162,18.19,3.1486346247222783,0.47344117647058825,0.11946062098197013,0.2636026,0.1153513,4127,-1.0476657152175903,KSLSGSLGSLHSIINGCVLA
100,100,1.0,16.942,17.0,0.002698903136016037,18.74,2.427426620930074,0.7228235294117646,0.1671096235935497,0.27665097,0.06819944,4145,-0.7709372639656067,KVLIIRSRVTVPEVPLAVRF
100,100,1.0,16.846,17.0,0.002479513723401104,19.09,2.010447711331981,0.6620588235294116,0.12693860052993441,0.24397661,0.0754779,4159,-1.1433842182159424,KYISLSVFFLAIARVTPNHA
100,100,1.0,17.14,17.0,0.0026105379758622244,19.3,2.0469489490458725,0.20561764705882357,0.13039936991696122,0.23017605,0.08538353,4200,-1.00169038772583,LAPWLLLLVSVFMLS
100,100,1.0,17.068,17.0,0.002409037785077455,19.16,1.9272778730634563,0.7512941176470591,0.1350921254290611,0.24883889,0.07488719,4202,-0.8642261028289795,LAQIVDGVLLSLLNRFSIRA
100,100,1.0,17.014,17.0,0.0027853888183220618,18.88,2.2148589119851403,0.33179411764705885,0.11569236067407002,0.25621784,0.094404474,4226,-0.7713719606399536,LCHFCLVL
100,100,1.0,17.078,17.0,0.002854489880724602,18.81,2.4604674352650964,0.646264705882353,0.11949059626244948,0.25899023,0.088054195,4235,-0.7690979838371277,LCSHIFSLGGPKPVPVLRMC
100,100,1.0,17.006,17.0,0.002595513587546262,19.04,2.1397196077991154,0.36270588235294116,0.1372107716170668,0.24170911,0.071499094,4242,-0.8626995086669922,LDARWSFCVAVPLYVVGSCG
100,100,1.0,16.998,17.0,0.0027117776649767124,18.84,2.248199279423423,0.331029411764706,0.08103608385042525,0.2573801,0.082655534,4286,-1.1634103059768677,LEKFHLCFLWSLFRYCSCRS
100,100,1.0,16.998,17.0,0.0028764851435775737,18.98,2.1999090890307267,0.7291764705882353,0.21374429311064716,0.24520037,0.07628672,4291,-1.2968437671661377,LEPNCLVRCTVF
100,100,1.0,17.188,17.0,0.0025906765700651016,19.03,2.3725724435725875,-0.05047058823529413,0.19180517436579966,0.23798063,0.08206951,4316,-1.6252033710479736,LFIMPVVSFFTQYIFNCFGQ
100,100,1.0,16.94,17.0,0.0026823906306860847,19.14,1.8276761201044347,0.00914705882352941,0.16071202673207807,0.22963034,0.08409328,4332,-0.9844769239425659,LFNSFIISISPYFTICYPSV
100,100,1.0,16.934,17.0,0.0026908918512197877,19.07,2.0408576628466766,0.6986764705882353,0.1452020278533794,0.22774555,0.075459346,4337,-1.1125251054763794,LFPGGYMVLLSFLVITKLFI
100,100,1.0,17.12,17.0,0.002557494492404013,18.77,2.305883778510964,0.5455294117647058,0.2043529242439629,0.28412706,0.099187136,4340,-0.7355387210845947,LFPPVLFQASGYIFAGFCGL
100,100,1.0,16.79,17.0,0.002713742774400351,18.79,2.3207541877587987,0.41835294117647054,0.11992148527164673,0.26354924,0.08728253,4346,-0.7514780759811401,LFRTVIMLSGNLQDASSRKA
100,100,1.0,17.282,17.0,0.002721014981849515,19.1,2.1702534414210706,0.4055882352941175,0.22355708033093016,0.24087088,0.090826005,4352,-0.8804742693901062,LFSLHYPSHIVTFIMEMSLS
100,100,1.0,16.988,17.0,0.002643873480685196,18.96,2.477579463912308,0.5085588235294117,0.14586283965794575,0.24680044,0.09309831,4370,-1.2395374774932861,LFYTSSLKVLSFFHSLCKKL
100,100,1.0,16.99,17.0,0.0028028726202664134,18.31,2.777390861942193,0.7655882352941177,0.15801893145747423,0.29684585,0.078639835,4384,-0.7488230466842651,LGISAMKFPYTQFMISVKYT
100,100,1.0,16.784,17.0,0.0029547178360240277,18.13,2.98213011117892,0.10508823529411764,0.16880603260428406,0.28041786,0.11009848,4404,-0.8345679640769958,LGSGPSRCWRRRGTHKRTVN
100,100,1.0,17.052,17.0,0.0024508076340949833,19.31,1.7702824633374188,0.1887941176470588,0.1520026036701061,0.2369031,0.064420626,4407,-0.8901377320289612,LGTCASMVELWVLQLLFQPA
100,100,1.0,17.298,17.0,0.0026526119292877653,19.27,1.8966022250329666,0.2778529411764706,0.11899627440302199,0.2522629,0.087536275,4415,-0.779819905757904,LGWHYDMLMMGTFLSMVCSV
100,100,1.0,17.16,17.0,0.0027402162123751446,19.39,1.6786601800245338,0.19505882352941178,0.1770377552444871,0.23166418,0.07783069,4418,-0.8038159608840942,LHCMHWFPLNTLLSLWFFAH
100,100,1.0,16.81,17.0,0.0026789105209921848,18.84,2.216844604387055,0.20999999999999996,0.18140503153751836,0.23926319,0.09218517,4439,-1.1869279146194458,LHRLFVWFLLLLITWLVPDL
100,100,1.0,17.2,17.0,0.0026189911874318797,19.04,2.1905250512148906,0.6767941176470587,0.16321324440372148,0.27344185,0.081738114,4453,-0.8037029504776001,LIFHTFVRLHYL
100,100,1.0,17.166,17.0,0.0026337276054793244,19.27,1.9537400031734005,0.24373529411764705,0.12544567952747807,0.24625437,0.09106401,4458,-0.8909105062484741,LIHWILSFCIFLYFLSFWS
100,100,1.0,17.034,17.0,0.002563959979139385,19.18,1.8728587773775147,0.09635294117647057,0.1168229370282949,0.24693821,0.09084495,4459,-0.7363702058792114,LIIGPFRLLMTLHRF
100,100,1.0,16.76,17.0,0.0027460589123495405,18.37,2.7772468381474478,0.5957058823529412,0.13898384312760614,0.2679101,0.09656665,4470,-0.7832916975021362,LIQCDFIRTRTGISAWQRQQ
100,100,1.0,16.864,17.0,0.002689530290223305,18.83,2.482156320621246,0.6875294117647058,0.15992814130297028,0.2503859,0.079111755,4473,-0.9765728712081909,LIRFLCARQMSATMFLLEMY
100,100,1.0,16.968,17.0,0.002661870214053851,18.9,2.197726097583591,0.34517647058823525,0.10488956129760557,0.26044622,0.11114888,4478,-0.9138056039810181,LIRSFFPLRLDMMQLFCYTF
100,100,1.0,17.14,17.0,0.002657171850994664,19.13,2.147812841008266,0.6155294117647059,0.1457916463733404,0.25286043,0.069516316,4507,-0.8469069600105286,LKLMIYLVLTLAFQ
100,100,1.0,16.67,17.0,0.0026411610728598626,18.77,2.3403204908729913,0.6993823529411765,0.12189840273045127,0.23344226,0.08295511,4524,-1.513446569442749,LLCTSPHYRCLLF
100,100,1.0,16.666,17.0,0.0028396106803501675,18.22,2.844573781781728,-0.1247058823529412,0.09973147337729911,0.25908527,0.11394426,4534,-0.7364832758903503,LLEWRFVIRFLLRWSFRYIF
100,100,1.0,17.03,17.0,0.00257064658276733,18.84,2.2481992794234236,0.46120588235294124,0.12137526169796356,0.27548963,0.105632655,4540,-0.8291881084442139,LLFLDSVRLGSALNSSCMLL
100,100,1.0,17.084,17.0,0.0026426452374816176,19.03,2.1792429878285717,0.4341470588235295,0.1007505527301589,0.26079798,0.09334007,4569,-0.7500130534172058,LLLEWNMSLFLELLNAWINS
100,100,1.0,16.978,17.0,0.002820768879756971,19.07,2.1506045661627335,0.7338529411764706,0.11869423294438554,0.24487484,0.06033513,4576,-1.0029776096343994,LLLLGKICLFQYSCLLS
100,100,1.0,16.912,17.0,0.002488154154556527,18.84,2.3820999139414787,0.3091980233696879,0.13927798933211635,0.2665399,0.0804704,4643,-0.8218989968299866,LLSLADFGLVWPDMKLLDRF
100,100,1.0,16.514,17.0,0.0027656469292648184,17.85,3.0178634826645157,0.6520294117647059,0.12750852810884625,0.29056346,0.10473178,4655,-0.7741835117340088,LLSTTTERHSSHYRKKVRRR
100,100,1.0,17.01,17.0,0.00274593614331162,18.6,2.6191601707417593,0.2725,0.16722049705905734,0.27015537,0.08303349,4656,-0.7653595209121704,LLSVFFMFLSRY
100,100,1.0,17.152,17.0,0.002587230207746595,19.29,1.7279756942735047,0.5866764705882354,0.10920715767383211,0.23653618,0.0770907,4683,-0.770578145980835,LMFLFLISLLDSYIF
100,100,1.0,17.03,17.0,0.0025937948306257496,18.6,2.6608269391300143,0.18150000000000002,0.07144733947698192,0.2525809,0.11070888,4697,-1.0108633041381836,LMNMMNYFKNMISFLSTSIV
100,100,1.0,16.946,17.0,0.0026793638041606497,18.93,2.060364045502639,0.24694117647058825,0.14393440932192417,0.2522413,0.079217434,4704,-0.7514837980270386,LMRSMAVILPLLVTLPSWFC
100,100,1.0,16.926,17.0,0.0024140445671675735,18.98,2.1724640388278007,0.6340882352941177,0.15147949431270172,0.25513402,0.0694257,4778,-0.8629292249679565,LPPINPGMVTVLFQILMYRV
100,100,1.0,17.114,17.0,0.0025788599103223407,19.28,1.612947612292476,0.7580882352941175,0.10707528557985226,0.23790164,0.06501894,4786,-0.9127334952354431,LPSMLLSSYSDKMFLSSHVS
100,100,1.0,16.602,17.0,0.0024203248424530476,18.47,2.6550141242562164,0.47529411764705887,0.11036821040730936,0.257168,0.07620206,4787,-0.8821315765380859,LPSPAYKSLVVWYDVLFQIL
100,100,1.0,17.028,17.0,0.002778962319593888,19.14,2.1909815152118464,0.711294117647059,0.12627873272685447,0.2277949,0.07039818,4838,-1.1864404678344727,LRIRSLM
100,100,1.0,16.986,17.0,0.002599498350663812,19.01,2.1656176947928736,0.6333823529411764,0.1909126573424717,0.23921993,0.09074716,4850,-1.0854400396347046,LRNKNSFRSFL
100,100,1.0,16.906,17.0,0.0025172044796976907,19.01,1.8947031429751733,0.06338235294117647,0.19936854251346833,0.2399363,0.06862298,4862,-0.7964696884155273,LRRIWVALRLFGFGSMAQWY
100,100,1.0,16.682,17.0,0.002797292584643657,18.69,2.733843448334231,0.4941470588235295,0.1605965818774691,0.224757,0.069484994,4894,-1.2819880247116089,LSFPSSNPLRSNFCSRCTLI
100,100,1.0,16.93,17.0,0.0028110547821007807,18.63,2.4684205476376992,0.6507941176470586,0.15412373977629065,0.25297365,0.105806895,4937,-1.1126739978790283,LSSRL
100,100,1.0,17.11,17.0,0.002623214919095927,19.06,2.1578693194908722,0.4572352941176471,0.11359143383561301,0.27129278,0.08917999,4944,-0.7340105175971985,LSVFVVRANRALTVLVAGWG
100,100,1.0,17.096,17.0,0.0027180039701835174,19.09,2.11232099833335,-0.010470588235294115,0.17383687616720145,0.24610163,0.10517825,4950,-1.0423099994659424,LSWDIAGLFFFCFPFFWQDP
100,100,1.0,16.736,17.0,0.0027553392638888776,18.64,2.3087659041141437,0.5539999999999999,0.1445794043155841,0.25780016,0.079284154,4983,-0.823602020740509,LTRLEFWGSTYVLILFLR
100,100,1.0,17.006,17.0,0.002750280382259835,19.21,1.8936472744415735,0.41105882352941164,0.10602940768540418,0.22695114,0.07206274,5012,-1.151497483253479,LVCQLFMSLLNGFKFLRSIA
100,100,1.0,17.124,17.0,0.002722403225883301,19.0,2.3021728866442674,0.527705882352941,0.17402629757923066,0.257103,0.08813354,5023,-0.7639940977096558,LVFLLFAPVSFFFYVLFHLT
100,100,1.0,16.248,17.0,0.003094365762609484,16.55,4.184196458102798,0.4018823529411765,0.10031655777939096,0.29077294,0.10051585,5030,-0.7683782577514648,LVGQVYVKGSERTCKL
100,100,1.0,16.954,17.0,0.0027185042917741015,18.91,2.2675757980715883,0.43135294117647055,0.15877680140486478,0.25519678,0.07282485,5036,-0.8470339179039001,LVITVLVVLLSSLARRWYWF
100,100,1.0,16.98,17.0,0.002793716297562236,18.85,2.308137777516758,0.10576470588235294,0.1312390512816779,0.25464615,0.09619407,5038,-0.8131173253059387,LVLALFRGGSATFRKGRKSA
100,100,1.0,16.97,17.0,0.002679854481579208,19.02,2.1999090890307262,0.2235882352941177,0.09077614201142009,0.24453393,0.096540704,5044,-0.8170633912086487,LVLIVCVVLFLNYNFFS
100,100,1.0,16.886,17.0,0.002537246439544985,19.03,2.041837407826588,0.49920588235294117,0.09631430579996984,0.2383126,0.07010423,5045,-1.0746383666992188,LVLIWLVLVKV
100,100,1.0,16.906,17.0,0.002575926337587794,18.76,2.34571950582332,0.3161470588235294,0.10488624172131512,0.2551302,0.10005084,5077,-0.9402981400489807,LVQLIVKLVRKSQLTLFPRQ
100,100,1.0,17.244,17.0,0.0026245638710719185,19.28,1.8605375567292375,0.6671470588235293,0.17390092583686959,0.23520887,0.081337035,5078,-1.240465760231018,LVQWTLVSKLFLFVNMSFFL
100,100,1.0,17.164,17.0,0.0025352151921818607,19.25,1.8020821290940099,0.7632352941176471,0.10621557044447058,0.2588335,0.07220067,5087,-0.9911810755729675,LVRPGEVSVWVRIWRMVSDL
100,100,1.0,16.824,17.0,0.002636442919820614,18.84,2.344013651837378,0.5375,0.09882385766752207,0.27135825,0.085622266,5110,-1.0229331254959106,LVSTSIVSGRVLKSRRSAVH
100,100,1.0,17.13,17.0,0.0026470694204577374,19.07,2.164509182239706,-0.17044117647058823,0.13948147611755043,0.23662716,0.087182455,5118,-0.8460693955421448,LVSWVLQYFVCFQ
100,100,1.0,17.072,17.0,0.002435140421803433,19.2,2.014944167960988,0.5488529411764705,0.10204474813941856,0.25261596,0.07187351,5125,-0.7699785828590393,LVVLVFR
100,100,1.0,17.22,17.0,0.002752505153705633,18.97,2.7980528944249783,0.041264705882352946,0.15756882112589235,0.2400613,0.104350284,5131,-1.0030943155288696,LVWGVFAYSHNPCELLSPGG
100,100,1.0,16.876,17.0,0.002652584376536842,18.62,2.4526720123163632,0.45273529411764707,0.15732806565331733,0.2674838,0.105805025,5150,-1.0231938362121582,LWRFGHPKMPTQDFLLMSNL
100,100,1.0,17.034,17.0,0.002532878150088722,18.92,2.3566077314648695,0.3274117647058823,0.08719571907843605,0.2631373,0.081004724,5168,-0.800896167755127,LYMFVERWMNKFKREFFHSL
100,100,1.0,17.008,17.0,0.002651877127859268,19.09,2.186755587622906,0.32067647058823534,0.1568805195199337,0.25619313,0.090894714,5175,-0.9957781434059143,LYRFMFQSTVLVMVHYVPAI
100,100,1.0,16.82,17.0,0.0027734074653058918,18.77,2.5331995578714284,0.15073529411764708,0.12478034333597973,0.2639313,0.10049464,5180,-0.860062837600708,LYSVNTLFWMWII
100,100,1.0,17.036,17.0,0.002655671169942429,19.07,2.2858477639597963,0.46002941176470585,0.15915656531773054,0.23768325,0.07493231,5184,-0.9660038948059082,LYYSLFMFQFLFYGYNFAYL
100,100,1.0,16.918,17.0,0.0027117381287491363,18.3,3.054504869860253,-0.04355882352941176,0.12252299762941195,0.26575476,0.11796779,5190,-0.7656775116920471,MASIENNPHRTGPRHVWSHG
100,100,1.0,17.046,17.0,0.002735844564588007,19.18,1.8567713914211412,0.2027058823529411,0.11274161290436116,0.23486172,0.066303164,5201,-0.8313329815864563,MCRSFSTYLLIRPLNIVRLL
100,100,1.0,16.848,17.0,0.0027081158731117167,18.51,2.7513451255704005,0.6797647058823528,0.2154099174271035,0.24566317,0.071550846,5251,-0.7450637221336365,MIRQGIMFFLLTFLTIPVTF
100,100,1.0,17.212,17.0,0.00254490391744451,19.34,1.6983521425193302,0.4608529411764705,0.16510439970748256,0.22955933,0.065122865,5278,-0.7695739269256592,MLILILTIKAVVAFPLPLRF
100,100,1.0,16.71,17.0,0.002904839957913348,18.18,3.014564645185105,-0.5204117647058824,0.170817199283135,0.2845723,0.12733665,5289,-0.7382941246032715,MLLSRRCLH
100,100,1.0,17.126,17.0,0.002508604958384962,19.4,1.7146428199482249,0.32791176470588235,0.15725945271152392,0.23994304,0.071784995,5298,-0.7584528923034668,MLPRGDPLIGWLTRTVSWTT
100,100,1.0,16.812,17.0,0.0028467899837539092,18.28,2.9532355138051556,0.7817647058823529,0.14533162173737899,0.28001893,0.08782342,5331,-0.7849381566047668,MNNESLKRPWFLRDR
100,100,1.0,17.108,17.0,0.002465674073500312,19.08,1.968146336022807,0.49597058823529416,0.16476661432836398,0.24134594,0.08809012,5409,-1.1458525657653809,MVCWCLLYLWFSLSVVMGAI
100,100,1.0,17.076,17.0,0.002662016464714271,18.68,2.7636208133533806,0.6265882352941177,0.15468682503959558,0.2702178,0.083545536,5437,-0.8179170489311218,MVTFHSVTLRSVFLFSFKFP
100,100,1.0,17.17,17.0,0.002598161234159945,19.14,1.9443250757010768,0.5268823529411766,0.13694644471370254,0.26191062,0.09713125,5447,-0.8205345869064331,MYECSSFVLFWRWLAKMRSR
100,100,1.0,17.112,17.0,0.002613407178152739,19.15,2.2599778759979046,0.2781176470588235,0.14218775053211893,0.24324048,0.07354392,5454,-0.8405153751373291,MYWTLFFFGFVNFWIWFRYA
100,100,1.0,17.184,17.0,0.002693366172850933,18.87,2.193877845277626,0.29520588235294115,0.14758649742253957,0.26018968,0.08498477,5473,-0.7787680625915527,NCLGFFIFMHFCHRFKTSMW
100,100,1.0,17.038,17.0,0.0026003568149263346,18.97,2.1746493970293237,0.7125588235294117,0.17044611473331286,0.2600323,0.07410388,5491,-0.9641960263252258,NFCVGFIVVR
100,100,1.0,17.178,17.0,0.002606749847632824,19.36,1.6584329953302306,0.5990294117647058,0.19365008529905733,0.23211063,0.09029327,5513,-1.2967966794967651,NFPYGSMVLSRL
100,100,1.0,16.932,17.0,0.0026563113046317063,18.79,2.4669616940682317,0.3901176470588235,0.19604679548710113,0.24070542,0.08803794,5527,-1.1042670011520386,NGCNFVRSWLLLWTFMLLYM
100,100,1.0,16.278,17.0,0.002947663051870026,17.22,3.8277408480721364,0.5349411764705881,0.11043973132915237,0.295511,0.11620165,5544,-0.9452183842658997,NIAERNLSILPLRSLL
100,100,1.0,17.194,17.0,0.0023943267541305614,19.55,1.2835497652993435,0.6309411764705882,0.10830598714388356,0.23297949,0.06801692,5559,-1.2185455560684204,NKMIIYIRFFVIVFSLLAQS
100,100,1.0,17.328,17.0,0.0026349274540487734,19.21,1.8777380008936282,0.47758823529411765,0.15354280987290747,0.24458556,0.07631813,5560,-0.8646935224533081,NKPTRVRALNVVLISYAPPS
100,100,1.0,16.84,17.0,0.002663171150894604,18.68,2.3953287874527787,0.7606176470588237,0.09272395968120613,0.24501568,0.056145087,5565,-0.9382268786430359,NKVLTIALHMFRYRNLLLLL
100,100,1.0,17.094,17.0,0.002827552969158875,19.05,2.031624965391004,0.428529411764706,0.17400259513635666,0.25925452,0.091569394,5613,-0.771573007106781,NLVVFWRFHLFETL
100,100,1.0,16.894,17.0,0.0027216545134891718,18.81,2.335358644833808,0.6042352941176471,0.15397294509123738,0.25048795,0.083627716,5651,-0.9125619530677795,NPIKQAECKTFHVCITIHGL
100,100,1.0,16.918,17.0,0.0024633248659581878,19.21,2.0312311537587244,0.5532941176470588,0.1455679011349358,0.2225211,0.0733967,5670,-0.9483444094657898,NRCPASPFVSYFSVYSTWVR
100,100,1.0,16.85,17.0,0.002775657859660173,18.83,2.1543212388128192,0.7223823529411765,0.142227639919579,0.26603654,0.067372724,5673,-0.7808334231376648,NRFMMLTYFRSVSFTLVSRM
100,100,1.0,17.106,17.0,0.0025706995164712617,18.91,2.2004317758112837,0.31567647058823534,0.17021869456448888,0.2622477,0.077492535,5674,-0.7512041330337524,NRIAVGVLILHFLRLFLTLD
100,100,1.0,17.026,17.0,0.0024986467344033435,19.49,1.5394479530013347,0.5518235294117646,0.1369785046152994,0.22736895,0.046850882,5691,-0.8508564233779907,NSIYFIIVNLDLRHTFLPPV
100,100,1.0,17.178,17.0,0.0025832686764811793,19.18,1.920312474572823,0.13344117647058823,0.20115740148702055,0.23707598,0.08029698,5731,-0.7834752202033997,NVRGSFLDSYTISHIILSH
100,100,1.0,17.126,17.0,0.0027092742196516495,18.97,2.1746493970293237,0.7159705882352941,0.19645837184633316,0.2452747,0.07607864,5743,-0.8516485691070557,NVVLVVHLYGFNCFMFRPTE
100,100,1.0,17.044,17.0,0.00254352197982376,19.44,1.5252540771950096,-0.06164705882352941,0.1019446895290941,0.23647964,0.08669506,5761,-0.8609154224395752,NYTGTLRNLRHLLLTFFD
100,100,1.0,17.084,17.0,0.002501688921447549,19.01,2.1142138018658376,0.2146764705882353,0.12323318473556222,0.26031402,0.099830896,5783,-0.8112257719039917,PAWRLFESFIINDHRILQFA
100,100,1.0,16.764,17.0,0.0028499678889354254,18.01,3.038075048447619,0.0027941176470588245,0.16836193043374492,0.2735898,0.13447939,5797,-1.1759769916534424,PDPGPGLRKRVLGIQPWGEN
100,100,1.0,17.044,17.0,0.0024890365105037214,19.13,2.1244057992765883,0.3394411764705883,0.15632295943673413,0.2508032,0.09500231,5816,-0.7538762092590332,PFLRVYPWGPYTVKNVLLAR
100,100,1.0,17.138,17.0,0.0026638338858897266,18.65,2.7798381247835278,0.4902941176470588,0.11835704881189041,0.26554632,0.10216272,5817,-0.9708061218261719,PFPCFPGKLCIMF
100,100,1.0,16.854,17.0,0.0029638196197876642,18.17,3.0399177620455458,-0.07211764705882352,0.18328909605746876,0.27846676,0.112325385,5869,-0.7779664397239685,PHTVTM
100,100,1.0,17.31,17.0,0.0025942762700181215,19.15,2.016804403009871,0.35867647058823526,0.1871815057369862,0.27236664,0.09215312,5887,-0.7517979741096497,PKQSRLMELLSGAFLMRIRY
100,100,1.0,16.85,17.0,0.00283081549600494,18.36,3.1032885782666106,0.33905882352941175,0.24721916365624394,0.25940034,0.12240119,5981,-0.9915584921836853,PQRERFARFLDALVSSFCML
100,100,1.0,16.91,17.0,0.002778388934176265,18.78,2.377309403506409,0.2256764705882353,0.14549156326983004,0.2627307,0.08824567,6022,-0.819151759147644,PSPWEISVWLIFPLCVCTLA
100,100,1.0,17.074,17.0,0.002555886192155329,19.04,2.2087100307645637,0.5906470588235294,0.14390583474396165,0.23712769,0.059258904,6031,-1.1512912511825562,PSVSVVQFLGCLRLFAGKLM
100,100,1.0,16.964,17.0,0.002387968057453211,18.95,2.251110836898086,0.3742941176470588,0.08448666486370728,0.25690985,0.07035124,6043,-0.7491093873977661,PVALEFPSVYLRIILIL
100,100,1.0,17.184,17.0,0.0026016597229203513,19.25,1.840516231930596,-0.03591176470588235,0.11724216723750339,0.25168917,0.10311358,6046,-0.8015292882919312,PVCRRYLGFARPSCMSLAMA
100,100,1.0,17.112,17.0,0.002460475817827434,19.04,2.149046300106166,0.38911764705882357,0.10544640646640453,0.25510177,0.0748531,6066,-0.8063288331031799,PVLMTIALQLLNYWDHMYRL
100,100,1.0,16.928,17.0,0.002523007746280668,19.07,2.0940630363004833,0.41400000000000003,0.11658351625755581,0.25223976,0.092718124,6084,-0.8007651567459106,PVRVYVWWFGPQARWVLSVF
100,100,1.0,17.15,17.0,0.002618156710979574,19.02,2.2359785329917634,0.5140588235294118,0.13615936876477558,0.2599192,0.08599432,6086,-0.762767493724823,PVSAWIVALFLMIELIKYMD
100,100,1.0,16.79,17.0,0.002792643234314341,18.78,2.4842705166708394,0.5131470588235294,0.1521264811365062,0.23196,0.07909854,6091,-1.0171912908554077,PVVMWTMFVLPLIGQSAHLF
100,100,1.0,16.946,17.0,0.002701065096239118,18.58,2.486684539703418,0.3895512460064559,0.07756235387499191,0.27146375,0.08812718,6147,-1.0189372301101685,QLFGLHPVDLFAFLSSFSIG
100,100,1.0,17.264,17.0,0.002489785343486698,19.65,1.2519984025548916,0.6485882352941177,0.14466192541356507,0.22250228,0.061585747,6150,-1.1302015781402588,QLIDHNILMHFEFKYFLLWL
100,100,1.0,16.648,17.0,0.002685446396642079,18.21,2.743337383553106,0.5882941176470589,0.15364035883058755,0.26657572,0.11031296,6175,-1.104988932609558,QPVPNPEGWSRPRSVLLSNL
100,100,1.0,16.936,17.0,0.0026761429934817607,18.77,2.314540991211864,0.6413529411764707,0.12799952692386626,0.2689006,0.09027277,6179,-0.9187538623809814,QQSNHVELFWYAFVSPLSRL
100,100,1.0,16.782,17.0,0.002755511398291856,18.2,3.1400636936215163,0.36817647058823527,0.08546471782601044,0.27030066,0.1046803,6212,-0.9769496321678162,QVIGSQKYNPSTFHPRPARL
100,100,1.0,16.986,17.0,0.0025204807073055426,19.09,1.9803787516533295,0.4194117647058824,0.11188461060380644,0.24272345,0.07090214,6221,-0.7642834186553955,QVVTRSDTLHDFESVLLFRS
100,100,1.0,17.098,17.0,0.002584578555503409,18.93,2.425922504945284,0.5549411764705883,0.19926503364418455,0.24153124,0.082044765,6222,-0.8399495482444763,QWGMLPTYVSSLELLVVFSS
100,100,1.0,16.96,17.0,0.002684685842497868,18.92,2.152579847531794,0.27276470588235296,0.17143684462653216,0.25209197,0.0969718,6244,-0.7351018190383911,RALFRLFLRYLGSAVLSSIV
100,100,1.0,16.24,17.0,0.0030676780707076723,17.05,3.4622969254528124,0.6363823529411765,0.10012678381617099,0.29380673,0.0967074,6250,-0.931156575679779,RARLLAVL
100,100,1.0,17.278,17.0,0.0025387004568733027,19.53,1.4384366513684224,0.3952058823529413,0.1924211315539749,0.23697008,0.08676994,6262,-0.8389292359352112,RATEPISGTLYALMQHLWCC
100,100,1.0,17.074,17.0,0.002635992445631556,19.16,2.1712669112755347,0.2462058823529412,0.13408300313650426,0.24806291,0.07533091,6306,-0.9006334543228149,RESIVFTWITRLDPLRLPCR
100,100,1.0,17.008,17.0,0.0024658268712167246,19.1,2.0615528128088303,0.2383823529411765,0.16518070999671025,0.24175751,0.07448965,6317,-0.853859007358551,RFLVVCVVFSPMMPQFLCPT
100,100,1.0,16.798,17.0,0.0026874323879510524,18.66,2.384197978356663,0.5814705882352941,0.10192057087833689,0.2584814,0.08038743,6321,-0.7760913968086243,RFRYLLHMLIFTTEA
100,100,1.0,16.944,17.0,0.0024401911886389313,19.08,2.0624257562394823,0.3906176470588235,0.1184171085261564,0.25332808,0.05969164,6330,-0.9909146428108215,RFVCLFLEFYLCYGFFLYLW
100,100,1.0,16.406,17.0,0.002846470640516181,17.8,3.13368792319848,0.6187352941176472,0.13138644168567595,0.28636274,0.12287864,6368,-0.8647420406341553,RGWLVKQSRDVRRVTLWSQL
100,100,1.0,16.832,17.0,0.0028675098076434485,17.94,3.233635724691327,0.4918235294117646,0.23350036120983003,0.28315377,0.117731184,6384,-0.8307659029960632,RHVIVTVALFRLMDI
100,100,1.0,16.9,17.0,0.002813751953541616,18.68,2.4854778212649573,0.021235294117647064,0.17502920171584851,0.24007325,0.08323619,6398,-0.9543212652206421,RILRGVNFPVFGGCLLWCSS
100,100,1.0,17.118,17.0,0.002584533077646995,19.15,2.113646138784825,0.6443823529411765,0.1389568745178825,0.25291038,0.08005357,6405,-0.9817067384719849,RIRRAFRLKSHPYYCN
100,100,1.0,17.048,17.0,0.0025147101794447367,19.05,1.971674415313035,0.6686176470588236,0.1803931955959011,0.25152475,0.07116431,6407,-1.088110089302063,RITPPYSNWLLPTVLFTYGY
100,100,1.0,17.084,17.0,0.0024385213021094984,19.2,2.1118712081942874,0.616,0.14020457124968486,0.23700856,0.08858821,6409,-1.3966467380523682,RKARL
100,100,1.0,16.538,17.0,0.0030132922176944817,17.47,3.4509563891767745,0.371735294117647,0.0902676671356018,0.29794338,0.105185986,6418,-1.1645615100860596,RKSKCSAVQFHWPYFLSHKL
100,100,1.0,16.684,17.0,0.002764037260319004,17.9,2.91032644217105,0.6629705882352941,0.11568293905128471,0.30418462,0.11030211,6435,-0.7954334020614624,RLFSAPRWA
100,100,1.0,17.176,17.0,0.002509965409364154,19.22,2.0028979005431107,0.6493529411764706,0.1727337591702717,0.27043295,0.0913547,6448,-0.7362609505653381,RLILFFYLLMENSVPPISLS
100,100,1.0,16.964,17.0,0.0026098526612008833,18.65,2.535251466817444,0.2747058823529412,0.2206991877825772,0.2675214,0.10167462,6469,-0.7910558581352234,RLRMYSSLTGSPRFSVFELL
100,100,1.0,16.994,17.0,0.002875590283867746,18.52,2.9882436312991616,0.6042352941176471,0.182568809609458,0.2832674,0.08959782,6472,-0.951596736907959,RLRSSERCLVRASVLVGGVA
100,100,1.0,17.03,17.0,0.0026871450748014807,18.92,2.225668438918969,0.6054117647058823,0.21291059253880468,0.24454108,0.07887991,6543,-0.8883435726165771,RPNKRAYRVVFSIPDSSFVN
100,100,1.0,16.954,17.0,0.0026890334782953803,18.77,2.4407171077369862,0.6309411764705883,0.14000832896628257,0.26361105,0.0679142,6552,-0.8397775292396545,RPSLIFVLNIQGFP
100,100,1.0,16.76,17.0,0.003019099443347312,17.56,3.650534207482516,0.6487647058823529,0.13300894940881747,0.28781226,0.110430636,6571,-1.0527827739715576,RQPIETPMPKVRSRY
100,100,1.0,16.756,17.0,0.0026610823228408863,18.17,3.1592878944471012,0.6538780283835604,0.10871806535112466,0.27467278,0.10052405,6588,-0.8682368397712708,RRGCFLVNLAPTDQYRRC
100,100,1.0,16.986,17.0,0.002807000935995387,18.65,2.6167728216259047,0.6970588235294117,0.19730186943275752,0.23781878,0.093581356,6598,-1.7207094430923462,RRNDYSMRCSFNNPNFCELF
100,100,1.0,16.964,17.0,0.002780624344093936,18.64,2.5080669847514043,0.675029411764706,0.14145285140127142,0.26235956,0.09521404,6629,-1.0911394357681274,RSINIHLTSCTLSKL
100,100,1.0,17.096,17.0,0.002789287024409347,18.59,2.694791272065427,0.4925588235294117,0.2169414057514419,0.28749532,0.10804686,6633,-0.7403354048728943,RSMLRLKRSRPTKM
100,100,1.0,17.03,17.0,0.0029342387413935243,18.65,2.6205915362757315,0.6845,0.1553797975538946,0.25955006,0.087090015,6643,-1.0514237880706787,RSREVPVTLRDAVCALCSVL
100,100,1.0,17.22,17.0,0.002598946255489262,19.3,1.9467922333931786,0.27464705882352936,0.14163148487765886,0.23581798,0.07038978,6679,-0.9798114895820618,RTWVFSKVFLHFWHLCWMVQ
100,100,1.0,16.986,17.0,0.002402795745801724,19.08,2.36930369518135,0.47944117647058826,0.14904104947653093,0.23161352,0.06546953,6712,-0.9647701382637024,RVQLSLMSFMLLLHVFIYAI
100,100,1.0,16.846,17.0,0.0030517665679442463,17.96,3.744115382837446,0.08838235294117647,0.12154382851109696,0.27736548,0.11839738,6724,-0.8865512609481812,RVSPINVFLRFILCPSCDII
100,100,1.0,16.968,17.0,0.0028195595102436413,18.77,2.395224415373223,0.8097941176470586,0.1283243450918515,0.26782304,0.078626364,6731,-0.8169997930526733,RVTCTFISAWGFGILNTSKL
100,100,1.0,17.124,17.0,0.002612870794540842,18.79,2.566300839730214,0.41129972459611097,0.1270965871466382,0.25317156,0.11441818,6736,-1.3334676027297974,RVVRAYRSSSYSCVNGMLRQ
100,100,1.0,17.29,17.0,0.0026535518806348425,19.29,1.8182134088164679,0.5987058823529412,0.16771893196180418,0.23275748,0.07688521,6754,-1.028522253036499,RWWWVVLHPTTGAMFAPAVA
100,100,1.0,17.058,17.0,0.0026345252592962637,19.11,2.0341828826337123,0.3727352941176471,0.18499595759167148,0.23694435,0.078583084,6772,-0.8322817087173462,SACAASSPIYYAVILRMR
100,100,1.0,16.974,17.0,0.0027187782510167775,19.03,2.0758371805129614,0.6119705882352942,0.13991362572801788,0.22054486,0.08302796,6805,-0.9510073661804199,SALVFFVMILKILPYFLFLR
100,100,1.0,16.284,17.0,0.002945977331991118,17.41,3.6471769904955256,0.4786176470588235,0.15124904129067884,0.282827,0.122057766,6836,-1.0821105241775513,SAWSRKRSASNEQIRVVARL
100,100,1.0,17.252,17.0,0.0026447507315424303,19.15,2.183460556089805,0.22888235294117648,0.12670319239047498,0.2598404,0.07496921,6852,-0.7475346326828003,SCLSGQDVFWYKTLRAQRTV
100,100,1.0,17.1,17.0,0.0028087422450621905,18.42,2.8676819907374664,0.5849117647058825,0.12488517563516338,0.26644868,0.11772156,6857,-0.9789171814918518,SCQCGHQRRSCFRCTLFARM
100,100,1.0,16.878,17.0,0.002874224111234538,18.01,3.3630194766013473,0.5711112657262009,0.07913354503794767,0.28269416,0.10842196,6859,-1.3013784885406494,SCSFPADSSRLPRFWKKSRL
100,100,1.0,16.362,17.0,0.0030502973653815948,17.42,3.481896035208403,0.5361176470588235,0.11742705900622398,0.29881075,0.11353858,6906,-0.915368914604187,SDYLGVYLCMPFSHLSTGFT
100,100,1.0,16.716,17.0,0.002694365654615928,18.32,2.7672368890284766,0.6697573557141596,0.14831601148187043,0.2787211,0.07581554,6934,-0.7536877989768982,SETFVYFCSRTCSIT
100,100,1.0,17.238,17.0,0.0026797129131776684,18.87,2.41518115262603,0.43447058823529416,0.17556832087286606,0.2532464,0.06019853,6948,-0.8038268089294434,SFFCRSRSHLDTSFIVWSYI
100,100,1.0,16.256,17.0,0.002720823928722774,17.5,3.0805843601498726,0.41697058823529404,0.17276945005403102,0.31068724,0.098995134,6962,-0.7966122627258301,SFIKGSFKFSDPVLLWFISL
100,100,1.0,17.2,17.0,0.0027058853172661533,19.32,1.8701871564097534,0.27041176470588235,0.10112072677786213,0.24752787,0.08336624,6997,-0.7785698771476746,SFSINLRYSFCFIISQKTRS
100,100,1.0,16.954,17.0,0.00264429426958204,18.89,2.310389577538818,0.5730000000000001,0.1588798266236418,0.26073056,0.0723559,7012,-0.7583720088005066,SFVISFNRLTSILYIHIYIV
100,100,1.0,16.128,17.0,0.002928614209950022,16.85,3.814118508908709,0.3980588235294117,0.09279513843010836,0.2841513,0.1209204,7013,-0.9398803114891052,SFVLRDQILSSPAFYIRYPP
100,100,1.0,16.872,17.0,0.0027929449595183045,18.58,2.6464315596667145,0.587264705882353,0.23547605282339687,0.27778593,0.08980776,7016,-0.8217921257019043,SFWEFLIFLGLMEMRSLELS
100,100,1.0,16.708,17.0,0.0027847262665043324,18.35,2.8191310718020897,0.5693235294117648,0.1989049846197284,0.27831876,0.09603387,7037,-1.1792927980422974,SGFRYSLRLTSSMNKELQFP
100,100,1.0,16.92,17.0,0.002687373604578733,18.61,2.572527939595603,0.6013235294117648,0.1202041048242904,0.26630592,0.079710364,7048,-0.9985137581825256,SGLFEFMSFASPSY
100,100,1.0,16.728,17.0,0.002746063220360727,18.34,2.9604729351912678,0.2229411764705882,0.1838407050799432,0.2324543,0.08929998,7060,-1.070317268371582,SGPPIFDLVNKMWFNDLWY
100,100,1.0,16.734,17.0,0.0027381142048948062,18.92,2.2076231562474606,0.5520294117647059,0.1497233290423225,0.24771409,0.083362356,7152,-0.7702334523200989,SISFMCCLFTWVTFLCQYRL
100,100,1.0,17.078,17.0,0.0026795923175036386,18.88,2.3718347328597753,0.7703529411764705,0.13358231654720487,0.2592068,0.09943955,7172,-0.9607451558113098,SKRSRKLLFSQL
100,100,1.0,17.08,17.0,0.0027091997088668713,19.22,1.857848217697022,0.3327647058823529,0.13615964830664634,0.26051736,0.08121401,7174,-0.9045218229293823,SKSFFLLLSIDANITKLKVF
100,100,1.0,17.094,17.0,0.002585025804044968,18.99,2.215829415817021,0.2295588235294118,0.18969032083917511,0.23985252,0.08038592,7203,-0.7447940111160278,SLFCLPDMMIHFCLVPFYFL
100,100,1.0,17.038,17.0,0.002580218935938241,18.88,2.342135777447585,0.11018398862298208,0.11275527027423884,0.25553563,0.08053373,7206,-1.1152713298797607,SLFFIFFIQMFFSLLRI
100,100,1.0,16.548,17.0,0.003090562999507656,17.7,3.0016662039607267,0.768292428251145,0.1279108519339322,0.30020192,0.104379624,7210,-0.7499810457229614,SLFKFSILSLTSLSHMLQMK
100,100,1.0,16.78,17.0,0.002736842820083695,18.45,2.624404694402142,0.6866470588235295,0.16893592282507958,0.2815416,0.11339025,7213,-1.0680887699127197,SLFRYQIGLFCSDLLRARL
100,100,1.0,17.128,17.0,0.0026194238352783084,19.02,2.5178562310028747,0.5052941176470589,0.10740007023510362,0.24801256,0.082413346,7217,-0.8259744644165039,SLGFGQSRGWAHKHSRHGSG
100,100,1.0,16.464,17.0,0.003048203072601171,17.52,3.3240938614906765,0.538735294117647,0.12490207583027915,0.28766975,0.118268535,7259,-0.9793014526367188,SLMGSRL
100,100,1.0,16.852,17.0,0.002682437031324741,18.58,2.4583734460004236,0.05552941176470589,0.08953578859565803,0.25935996,0.10733671,7317,-1.186276912689209,SLSTELIPYLIVLM
100,100,1.0,16.718,17.0,0.002554136170594209,18.81,2.3008476698816898,0.38882352941176473,0.18449125784560438,0.2488472,0.09202038,7327,-0.8680737018585205,SLTFKQIMVIFPQVTRSLSV
100,100,1.0,16.512,17.0,0.0029316969744473654,17.26,3.6486161760316747,0.38405882352941184,0.14608274898211976,0.28405362,0.12952764,7362,-0.8707523941993713,SMHLGQMLSLHVPLLNV
100,100,1.0,16.95,17.0,0.0026265126597153675,18.76,2.358474082961269,0.13582352941176473,0.2249342002979267,0.24507016,0.09219451,7388,-0.7649073004722595,SMTFRHILMHLQLKRSFFFF
100,100,1.0,17.066,17.0,0.0025913092485552692,19.03,2.0758371805129614,0.700764705882353,0.1318583044663756,0.2341831,0.068900794,7488,-1.0977689027786255,SPTGVSSRL
100,100,1.0,16.998,17.0,0.002593345077991071,19.06,2.194629809330038,0.415529411764706,0.2015163451689272,0.2500926,0.08430404,7490,-0.9021225571632385,SPTLTMTAPVIPVY
100,100,1.0,16.878,17.0,0.0028381075281873037,17.74,3.7191934609535977,0.6242941176470588,0.11591341775318727,0.31088987,0.10572663,7512,-0.7659159898757935,SQEMSDRSLRYPVNLCCRLG
100,100,1.0,16.784,17.0,0.002550203883063996,18.53,2.570816990763831,-0.0421764705882353,0.1552819848201606,0.27599162,0.12505077,7519,-0.8112874031066895,SQLLFFPPYCKFFYSLLFMH
100,100,1.0,17.002,17.0,0.0026807994116232734,19.04,2.5295058806019806,0.4967647058823529,0.14421635275302203,0.2295708,0.085532635,7542,-1.1678450107574463,SRCRA
100,100,1.0,16.628,17.0,0.0025563560626383694,18.32,2.6528475267153975,0.6300588235294118,0.1345661875194858,0.29631454,0.10512778,7555,-0.765388548374176,SRGGCGVTDLVFSRSVSPRL
100,100,1.0,16.866,17.0,0.0025372537536387726,18.88,2.2103393404633596,0.3709705882352942,0.13088443818563592,0.24647188,0.05754246,7574,-0.7369220852851868,SRLCFLTLLSFIDILSV
100,100,1.0,16.646,17.0,0.0028966411998744236,17.88,3.2195651880339375,0.4245294117647059,0.12586188673650167,0.28434116,0.11410394,7596,-0.7694538831710815,SRTCVIT
100,100,1.0,16.944,17.0,0.0024731272023786107,19.02,2.0346006979257627,0.4257647058823529,0.15498695111944438,0.23738997,0.08084707,7627,-0.9096333980560303,SSCWAWLFGGSWQ
100,100,1.0,17.384,18.0,0.002674579937014677,19.06,2.203724120664835,0.08126470588235295,0.12994386264632266,0.25595203,0.1173117,7636,-0.753529965877533,SSFITRLIFVCLLYLSVGTT
100,100,1.0,16.842,17.0,0.0027749108780206486,19.2,1.9390719429665315,0.42411764705882354,0.1524273041321098,0.23339973,0.06778677,7710,-0.9014715552330017,SSVWYVLFGRYWVWPHRQHT
100,100,1.0,16.946,17.0,0.002706332085812185,19.16,1.993589727100338,0.5834999999999999,0.18193115118534894,0.22561733,0.06968692,7715,-1.2132099866867065,SSWSLFDCFCQVLDALS
100,100,1.0,16.958,17.0,0.00273092331927849,19.17,1.8870877033142894,0.2550588235294118,0.18898521573050597,0.24877574,0.08233449,7754,-0.9056649208068848,STRYWQERYPFVFCRISTNA
100,100,1.0,17.04,17.0,0.0028582716505876305,18.41,2.5733052675498875,-0.3161470588235294,0.12741541396653303,0.2558281,0.121717036,7792,-0.8627305626869202,SVDTSTIWDFAAIRTVLCFG
100,100,1.0,17.05,17.0,0.002692453935179997,19.04,2.3277456905770446,0.5446764705882353,0.22316909620673317,0.24079798,0.076404765,7801,-0.7387980222702026,SVFFRVILLLWSPETIHRAF
100,100,1.0,16.446,17.0,0.0032706610071975735,17.28,3.4930788711393275,0.5317941176470589,0.13580765390113875,0.28616646,0.11749429,7804,-1.0157479047775269,SVGALLHPGSCLLL
100,100,1.0,17.052,17.0,0.002571299643438115,18.82,2.4551171051499763,0.5709705882352941,0.14028989696450497,0.25893414,0.0871242,7852,-0.8113995790481567,SVPGEVAGLEPGEDGVSDEP
100,100,1.0,16.728,17.0,0.002797575996373989,18.07,2.984141417560502,0.6524117647058825,0.18250343884516648,0.2842291,0.09361891,7871,-0.7320010662078857,SVRFRLHTLSSVFY
100,100,1.0,16.36,17.0,0.003235453618346338,16.92,3.9741162539613764,0.4252058823529412,0.1375120347045353,0.29961538,0.103309825,7963,-0.7301000356674194,SYPDTAVMQTLPPHYKWWLM
100,100,1.0,16.508,17.0,0.002524252163509345,18.31,2.897222808138856,-0.031411764705882354,0.11238441197676537,0.25325885,0.107274644,8011,-1.3553417921066284,TCSSLYTGAI
100,100,1.0,17.152,17.0,0.002828747937743915,18.94,2.101523257068548,0.5111470588235294,0.13293551198239228,0.2495855,0.09361868,8088,-1.0306802988052368,TGTITNLSYVFFYLYLFSSS
100,100,1.0,17.216,17.0,0.0026457205520241107,18.86,2.615415836917717,0.2973235294117647,0.17041375204429116,0.26211116,0.09380797,8109,-0.9838053584098816,TIIKYNLLLSIFSFRLLRDM
100,100,1.0,16.928,17.0,0.0026663285986613743,18.85,2.4305349205473266,0.7671764705882353,0.13819381104725606,0.26987833,0.090309724,8146,-0.7706077098846436,TLFNSTTWKRPRPAHPADAL
100,100,1.0,16.12,17.0,0.002923505777971719,16.98,3.555221512086132,0.409,0.11652391827179415,0.29091036,0.1245579,8162,-0.816408097743988,TLLMRWYFYDTPIIHLSSKM
100,100,1.0,16.806,17.0,0.002727746221300487,18.53,2.6886985699404833,0.29073529411764704,0.12486697073535033,0.27741483,0.08745818,8178,-0.8539273738861084,TLQLVHLSRFSCLLLGLLQF
100,100,1.0,17.146,17.0,0.0027327948803871943,19.43,1.5182555779578089,0.6273529411764706,0.15736063752480967,0.24120522,0.07328114,8211,-0.9405176043510437,TMTFLRSLKVLI
100,100,1.0,17.004,17.0,0.002507119475527219,19.17,1.9134001149785689,0.5308823529411765,0.10946670031342247,0.2303335,0.079655044,8217,-0.8154082298278809,TNWTTLSLVTVAPRLLMLTY
100,100,1.0,17.078,17.0,0.002967053884268089,18.88,2.5895173295423226,0.5548235294117647,0.16141380122193236,0.26451433,0.10989383,8227,-1.827736496925354,TPLTVYHPLVHTYPFQFPLF
100,100,1.0,16.974,17.0,0.0023765265197136795,19.08,2.12452347598232,0.6113529411764705,0.1931571692729071,0.26484337,0.07196906,8263,-0.8572536706924438,TRFFFCIAAKLFATTDRWGS
100,100,1.0,16.824,17.0,0.0026181293510614953,18.5,2.658947160061666,0.7210294117647058,0.1206623696081192,0.27630672,0.09465535,8297,-0.7340970039367676,TSGWSLASAVRWVTSQFSVQ
100,100,1.0,17.0,17.0,0.0024789811059362484,19.1,2.137755832643195,0.6437647058823529,0.15857784919734333,0.24335833,0.069441766,8339,-0.9925133585929871,TVALWTIIILS
100,100,1.0,17.01,17.0,0.0025994034772462648,19.24,1.9396906969926933,0.44614705882352945,0.12775523675775932,0.24823073,0.077015325,8348,-0.9542363286018372,TVITCFGAATALALRTLRAW
100,100,1.0,16.75,17.0,0.0025943969118889737,18.7,2.1656407827707715,0.658705882352941,0.12524365180854116,0.27830508,0.08509725,8349,-0.8047403693199158,TVKSKY
100,100,1.0,16.946,17.0,0.0026753660623158758,19.15,1.9767397400770796,0.28049999999999997,0.17352076498895727,0.23581783,0.059154794,8368,-0.8318523168563843,TVRIFSVFQLSKACPPLVFG
100,100,1.0,16.742,17.0,0.0028853543250363474,18.4,2.6038433132583076,0.30514705882352944,0.12450412021920036,0.2629889,0.09583822,8383,-0.7904461622238159,TVWIPFGPLLQEDTGVARKR
100,100,1.0,17.128,17.0,0.002574163288786625,18.94,2.125182345117708,0.1355,0.09570739631471833,0.25219437,0.09986249,8387,-0.7579241394996643,TWFILVLFRTYPSMT
100,100,1.0,16.324,17.0,0.0030293988628890428,17.45,3.4709508783617204,0.5302058823529411,0.18010370666843406,0.28668946,0.121590614,8411,-0.7550466656684875,VAAFGARLFNASGFHMCNIL
100,100,1.0,16.906,17.0,0.0026015863798562744,18.61,2.4895581937363906,0.7183823529411764,0.13997798578773132,0.26066428,0.09219944,8417,-1.0041000843048096,VAEGVSTYGLGRRFARL
100,100,1.0,16.572,17.0,0.0028813822857743678,18.07,2.940255090974251,0.6814411764705882,0.18581239143202638,0.27302673,0.08841445,8484,-0.7953501343727112,VCLGLRSCIYSVETLLRTQF
100,100,1.0,17.478,18.0,0.0024538484410286856,19.4,1.6062378404209012,0.7589999999999999,0.15690277552949192,0.24506713,0.06264089,8506,-0.9670758247375488,VDEQLFRMVSSLYSKFVTAR
100,100,1.0,17.15,17.0,0.0026482821599294183,18.97,2.1328619270829514,0.2616764705882353,0.17742411750956644,0.2533174,0.09200525,8510,-0.8411031365394592,VDGVAYSMFLNSKTNRSAFG
100,100,1.0,17.006,17.0,0.0027130217546303603,18.93,2.2594468349576187,0.4888235294117647,0.16172726839516133,0.23905692,0.06858022,8534,-1.0612448453903198,VDSVLPFLFAFLLFSSWYFQ
100,100,1.0,17.24,17.0,0.0025011739932033687,19.14,2.00509351402871,0.4444411764705882,0.10984882266474434,0.25381494,0.08519614,8554,-0.7589761018753052,VENWNECWSLSEFLFLSYLF
100,100,1.0,16.79,17.0,0.002600396694515118,18.51,2.6513958587883484,0.5986764705882353,0.16084733192332168,0.28367803,0.08591833,8565,-0.7738422751426697,VESVLAAT
100,100,1.0,16.63,17.0,0.00260080667967971,18.46,2.5900579144104094,0.41794117647058826,0.12567499414063696,0.24387726,0.09321456,8613,-0.8110656142234802,VFTNMTQSLRGMFFLLPHWD
100,100,1.0,17.1,17.0,0.0026253517277656188,19.01,2.1656176947928736,0.6960294117647059,0.1356921096302838,0.26270863,0.094473705,8626,-0.8762911558151245,VGESWKISSRWFSGYLCPRL
100,100,1.0,17.04,17.0,0.0027991484245562573,18.84,2.5088642848906755,0.5883529411764706,0.14434551014000352,0.26354152,0.09592983,8657,-1.1870203018188477,VGSKL
100,100,1.0,17.086,17.0,0.002562467043117235,19.22,1.9625493624365224,0.4741470588235293,0.14665432310173832,0.243983,0.07803531,8685,-1.062746524810791,VIDCLLRAYFAMMSIVCSRE
100,100,1.0,17.016,17.0,0.0028086817775369497,18.84,2.7448861542876415,0.4522444197120661,0.11624755062398696,0.2459485,0.0690711,8689,-1.1576464176177979,VIGLLFTATIAVRFSGVS
100,100,1.0,17.178,17.0,0.00259245465936395,19.0,2.1260291625469296,0.6545588235294117,0.13291799316335767,0.2638248,0.0841105,8716,-0.7699893116950989,VINVSHGILISQHPLLLYLS
100,100,1.0,17.082,17.0,0.002505277832795684,19.07,2.155249405521319,-0.127,0.16546483752370894,0.24688646,0.10403262,8726,-1.3451002836227417,VISLSAVMYGCWNSFLFSTF
100,100,1.0,16.848,17.0,0.002537097590286423,18.87,2.270044052435987,0.6812352941176468,0.11212772314453662,0.25903615,0.07332359,8745,-0.9520612955093384,VKSVL
100,100,1.0,17.192,17.0,0.0026154459806227394,19.06,2.348701769063071,0.7739411764705884,0.14827381618975768,0.24566317,0.07716907,8752,-0.8691343069076538,VLCGLFTYWGVRSFFMSNLL
100,100,1.0,17.34,17.0,0.0025152301758088495,19.53,1.627605603332699,0.3794411764705882,0.1025180336908288,0.23968698,0.055643655,8754,-0.9058358669281006,VLCKLISGLCALDLKRL
100,100,1.0,16.836,17.0,0.002658237734543177,18.67,2.425097936166703,0.676029411764706,0.12952960877796632,0.24521646,0.07537104,8766,-1.0882234573364258,VLGFLHVLHNHWTMLAAVAI
100,100,1.0,17.038,17.0,0.002546978021931987,19.28,1.7554486605993351,0.5068235294117647,0.16127298527201234,0.24224623,0.06333944,8778,-0.9084174036979675,VLHFVYTCLIAFMS
100,100,1.0,16.736,17.0,0.0027570416516614687,18.54,2.6699063653993567,0.5470588235294117,0.17394118641707584,0.2766686,0.100656286,8819,-0.7835057377815247,VLPVVSHYRYVQSIIPLLQA
100,100,1.0,16.958,17.0,0.0025996982148843934,18.91,2.1958825105182656,0.7040294117647057,0.14169308356725055,0.2536339,0.07499491,8842,-0.7395274639129639,VLSFPFFTLFSMFMFLSCLS
100,100,1.0,16.964,17.0,0.002608203973669788,18.95,2.2107690969434146,0.5552647058823529,0.2284994283457297,0.25288028,0.077681385,8888,-0.7937870025634766,VMLTLVFVNYNIPK
100,100,1.0,16.878,17.0,0.002700638882775907,18.66,2.396747796494241,0.6502058823529413,0.1337166703290036,0.2849825,0.09147909,8899,-0.7624846696853638,VMSLISVLASKSILSV
100,100,1.0,16.824,17.0,0.002504926948844339,18.75,2.4387496796514396,0.5688235294117647,0.20001124535859527,0.261202,0.07829946,8909,-0.781209409236908,VMYWKFIFSPRPILKVFSNL
100,100,1.0,16.512,17.0,0.002764767080881937,17.88,3.2226697007295058,0.659470588235294,0.15304893262792366,0.2727395,0.12649181,8989,-1.1378825902938843,VPSRTSTRVPLYSKPPSSRL
100,100,1.0,16.884,17.0,0.002639983403476226,18.94,1.9586730201848395,0.5748823529411764,0.1650135886194399,0.235223,0.076128885,9012,-0.8529233932495117,VQFLVMVSVYECSQLLLFWL
100,100,1.0,16.94,17.0,0.002618669436305449,18.76,2.3795797948377357,0.22891176470588231,0.08493235146432433,0.25588647,0.10414483,9019,-1.0090992450714111,VQNNLRDMLFNVHDFVRMTF
100,100,1.0,17.094,17.0,0.0026200549357672824,19.19,1.8638401218988712,0.703529411764706,0.14809867654060782,0.23299462,0.071468554,9021,-0.9903253316879272,VQRFFYFQYGSPIESLVDWM
100,100,1.0,16.886,17.0,0.002775709251626447,18.88,2.4749949494897967,0.4120588235294118,0.12514109683731825,0.23066881,0.08809234,9030,-1.1539855003356934,VRAGLDAWWGIPMWVLVLLT
100,100,1.0,16.856,17.0,0.0029365963216604635,18.44,2.6050719759730248,0.5440882352941177,0.21504143601676456,0.2677139,0.10601674,9060,-0.8862102031707764,VRPRTLSASARSLKANQAIW
100,100,1.0,16.698,17.0,0.002671853953190014,18.27,2.8385031266496785,0.1627941176470588,0.1480387206198708,0.27421874,0.11429298,9079,-0.7680047154426575,VRTTSAPPRSRLIWLSMCRL
100,100,1.0,17.058,17.0,0.0023803723639128638,19.33,1.6736487086602132,0.402970588235294,0.1326946536498982,0.2325511,0.07002923,9088,-1.0295006036758423,VSCAPFVVRLFLARLVAASN
100,100,1.0,16.854,17.0,0.0026273028212549384,18.26,3.1292810675936416,0.25755882352941173,0.17118064225763677,0.27524987,0.11390595,9112,-0.7673049569129944,VSIFATLYRSWWNFKFFWRI
100,100,1.0,17.128,17.0,0.0025405095706956212,19.1,2.0124611797498106,0.5352613663959506,0.1398910008414916,0.2739429,0.10171437,9116,-1.0503987073898315,VSKVYSPALRTLRSLYKGRL
100,100,1.0,16.572,17.0,0.0029012152713583953,17.38,3.8099343826370555,0.5077647058823529,0.12819988717882852,0.27871788,0.11768669,9139,-1.1669126749038696,VSRDLVARSPDVFMWVMSNL
100,100,1.0,15.878,17.0,0.003152373646801157,16.33,4.062154600701456,0.420264705882353,0.10538518490391252,0.298732,0.116207294,9142,-0.7517706751823425,VSRKRLHGALRCTQNYAQLG
100,100,1.0,17.068,17.0,0.002678571672380282,19.26,1.947408534437497,0.5481470588235294,0.16843707305060449,0.24956383,0.07325257,9193,-0.7305201292037964,VTPVTSVLAAYVYMSLFSFR
100,100,1.0,17.008,17.0,0.0025565953249055006,19.06,2.2172956501107377,0.1790294117647059,0.12002137569132161,0.25582227,0.091257654,9215,-0.9172354340553284,VVARMIASRPQYILELARPG
100,100,1.0,17.118,17.0,0.002721205808626846,19.06,2.0582516852902124,0.6198823529411764,0.18844066003105908,0.25370148,0.07395686,9228,-0.8872890472412109,VVDLRVLASYVNLLMTQLLK
100,100,1.0,17.038,17.0,0.0027654778062550698,18.76,2.396330528120026,0.49050000000000005,0.1735432970516496,0.25841424,0.07393302,9251,-0.8380881547927856,VVGLWAVWIFS
100,100,1.0,17.11,17.0,0.0026152809630067453,19.01,2.3216158166242753,0.33732352941176474,0.10966029253009253,0.23431525,0.06342241,9261,-1.2125499248504639,VVHRREGFIFSYVFHFGLSG
100,100,1.0,17.09,17.0,0.002592639758606417,19.1,2.3130067012440754,0.09202941176470589,0.10611273547391842,0.26201603,0.09144014,9277,-0.756156325340271,VVLISFMSMFMLENYIFLSG
100,100,1.0,17.182,17.0,0.002603099797983091,19.37,1.622682963489788,-0.10108823529411767,0.23609300224560353,0.25277704,0.09158485,9293,-0.7744414210319519,VVMCMSMIFRSALLLVLCGA
100,100,1.0,17.162,17.0,0.0027168734689655906,18.94,2.194629809330038,0.6030588235294119,0.13440559903479884,0.25180814,0.098377615,9320,-1.2683701515197754,VVRHACAQLGCALV
100,100,1.0,17.166,17.0,0.0026624844647750263,19.01,2.304322026106594,0.3770812866321513,0.11668949563660311,0.26742938,0.0895172,9328,-0.7587889432907104,VVRWRFKSVPVLLVVLL
100,100,1.0,17.272,17.0,0.0026004341606459995,19.24,2.223150917054441,0.4110588235294117,0.1345369606153874,0.2381801,0.0686733,9330,-0.9001620411872864,VVSCYCSFFYILCLMNLEST
100,100,1.0,17.006,17.0,0.0025911563996007083,18.99,2.2022488506070337,0.20029411764705884,0.1784315072182211,0.24689654,0.07116449,9333,-1.1757817268371582,VVSILQRFLSSFFNISANSI
100,100,1.0,16.932,17.0,0.00274403986833525,18.78,2.4148705969471735,0.4382647058823529,0.11091121094282022,0.26432472,0.07244888,9334,-0.8207105994224548,VVSITATLETLLCYFLTFPI
100,100,1.0,16.684,17.0,0.0027253285369602262,18.51,2.6999814814179746,0.09708823529411764,0.10249102838616644,0.25819767,0.09131356,9335,-0.972236156463623,VVSKLFVALSMVFISS
100,100,1.0,16.64,17.0,0.002723046173683709,18.58,2.592990551467552,0.35017647058823526,0.14199567467460966,0.24848719,0.10950397,9360,-0.9566104412078857,VVYYAVWSEYRFKLFFPTVH
100,100,1.0,17.094,17.0,0.0028280476253283544,19.23,1.9588517044431926,0.3215294117647059,0.19749200851073834,0.23657565,0.08268264,9362,-0.9447590112686157,VWASATSLVASFGRKLFARA
100,100,1.0,17.056,17.0,0.0025395529385835187,19.13,2.0032723229755853,0.5722647058823529,0.2058286715730403,0.23602526,0.07963909,9374,-1.1647701263427734,VWLGVLLLLNLDILFVSCFL
100,100,1.0,16.954,17.0,0.0024356134856899484,19.33,1.7032615770926085,0.3023529411764706,0.14596830959096668,0.21545716,0.05024211,9382,-1.1035737991333008,VWRFLYLHLLRMYALWFWKF
100,100,1.0,16.674,17.0,0.0026500028183654703,18.18,2.8049242414011823,0.5311764705882354,0.14426702942303454,0.30476573,0.08902909,9412,-0.7666276693344116,VYVGSYVLSVNPIMISRARM
100,100,1.0,16.88,17.0,0.00281453230840368,18.76,2.4783865719455473,0.5925882352941176,0.2184866477039581,0.24545574,0.08882974,9476,-0.8587421178817749,WFRRVSRILMDLYEMLRSLL
100,100,1.0,16.35,17.0,0.00279625156633797,17.59,3.417879459547981,0.5425882352941176,0.09799149034447224,0.2908679,0.103257835,9492,-0.9213785529136658,WGPAKVPPLSNL
100,100,1.0,17.094,17.0,0.002485421885301667,19.15,1.8674849396983102,0.037676470588235283,0.12390118774757373,0.24672568,0.09585797,9502,-0.8379890322685242,WGTQAILKCIRLLTFSSLRG
100,100,1.0,17.25,17.0,0.0024934919400637335,19.31,1.8422540541412844,0.6213235294117648,0.1176105641925443,0.23710185,0.06409746,9523,-1.1082042455673218,WKTCMIDWLPEFLDYKWRTN
100,100,1.0,16.812,17.0,0.002573400175301426,18.69,2.373583788283026,0.716235294117647,0.15210317933110323,0.252134,0.10827438,9549,-1.1161091327667236,WLPSGPADMSPPLRCLLCRL
100,100,1.0,16.994,17.0,0.002687949847216254,18.76,2.4944738924270182,0.5950294117647059,0.16165809053460367,0.26267877,0.07894069,9552,-0.8948711156845093,WLRLPLVFLHTRPLPIFWLA
100,100,1.0,17.118,17.0,0.002797619715493119,18.72,2.691022110648666,0.3127058823529411,0.2761176971853886,0.27439144,0.11039056,9555,-0.788668692111969,WLRWVCQRIARLLPNCVAPC
100,100,1.0,16.892,17.0,0.0025016218678651095,18.89,2.077955726188602,0.3969705882352941,0.18156921478539656,0.23561886,0.07499459,9556,-0.8046920299530029,WLRYVVLDGTVKRLLRP
100,100,1.0,16.964,17.0,0.0027477022411561062,19.01,2.260508792285489,0.34258823529411764,0.18508600824975124,0.2327678,0.06214016,9557,-0.8576712608337402,WLSALFHSLFTYCHLASCHH
100,100,1.0,17.166,17.0,0.0028444882678699715,18.9,2.1931712199461306,0.717264705882353,0.13481799534376748,0.2624734,0.09577556,9558,-0.997718095779419,WLSGELQFSRKAYCTFTARL
100,100,1.0,16.918,17.0,0.002531801586630525,19.0,2.039607805437114,0.07044117647058823,0.10325362247220782,0.26177284,0.1065888,9567,-1.0055102109909058,WLVYLLRHRRWLIRLLSHVC
100,100,1.0,16.954,17.0,0.002583287747347059,19.13,1.9475882521724146,0.2441764705882353,0.15028115519098306,0.24842621,0.079142496,9583,-0.7680057287216187,WNSSVAKTFVSLYESLLPWR
100,100,1.0,16.758,17.0,0.0028245740750838196,18.48,2.7909854890342944,0.4724999999999999,0.10124089518634002,0.24118562,0.095929034,9590,-1.080134630203247,WPFCVLVNVVFLS
100,100,1.0,17.03,17.0,0.002405344972922615,19.04,1.994592690250318,0.6253823529411764,0.14023439041852523,0.2583208,0.07496262,9611,-0.7851142883300781,WPYRRELKLALYGLTVLSGR
100,100,1.0,17.216,17.0,0.0026376017462133843,19.06,2.0387250918159614,0.6218823529411764,0.120472196680439,0.26564327,0.077777594,9620,-0.7736220359802246,WRIYSFSSLTFWLFHPAGCF
100,100,1.0,16.966,17.0,0.0026199658534189147,19.05,1.8513508581573614,0.5252058823529412,0.14925087156985,0.23786724,0.075662196,9636,-1.0293999910354614,WSLLLLHSYLLIFMMLSLFF
100,100,1.0,16.978,17.0,0.0025466598056370013,18.87,2.411037121240567,0.055411764705882355,0.08799941018990767,0.2498489,0.08442685,9645,-1.079014778137207,WSRSELHVVGDGYRLTLPAA
100,100,1.0,16.998,17.0,0.0027235971402369274,19.07,2.0162093145306117,0.7515588235294116,0.13361454593648533,0.2562333,0.06719872,9671,-0.8008179068565369,WVKAYFMAPNSCTKRVRWWR
100,100,1.0,16.982,17.0,0.002448416391926069,19.31,1.8476742137076,0.4857352941176471,0.1416385666547563,0.23126404,0.06891667,9701,-1.0759350061416626,WWAVCGPRLITYEMLRGCTW
100,100,1.0,17.036,17.0,0.002759947199432001,18.78,2.4762067765031257,0.6639705882352941,0.13492877462370023,0.2608352,0.08718969,9783,-1.305389404296875,YFDWAKCICS
100,100,1.0,17.21,17.0,0.002773756591458005,19.0,2.244994432064365,0.154,0.11333228848151239,0.25621837,0.09130145,9790,-1.2953789234161377,YFIFLYRVLLLHSWLLLWKH
100,100,1.0,16.58,17.0,0.0027989697101853785,17.83,3.3137742832003507,0.6895588235294119,0.14943224442783587,0.28236017,0.10623391,9794,-0.9158439636230469,YFLPNTFIGLRDVFMQSRL
100,100,1.0,17.08,17.0,0.0024747907692718907,19.06,2.1854976549975977,0.6728235294117647,0.17938481957738145,0.2510916,0.076760665,9796,-0.946378767490387,YFLYLSVIIFSKLYQLTSVS
100,100,1.0,17.086,17.0,0.0025429371435283263,19.07,2.1966110261036205,0.5359999999999999,0.14916382856063012,0.2394396,0.073958,9802,-0.9558995962142944,YFPSFYSVLLCFYYWYWRFL
100,100,1.0,16.958,17.0,0.0026475928415081442,18.93,2.1691242472481838,0.37688235294117645,0.19544599870118726,0.23727249,0.08825162,9811,-1.2809730768203735,YFSQIFRTMKSCMF
100,100,1.0,17.064,17.0,0.002672828787795297,18.94,2.1298826258740173,0.23399999999999999,0.13144546410813146,0.23689346,0.07329121,9861,-0.7758350372314453,YISCFSLLLLSMYMTLPRSI
100,100,1.0,17.25,17.0,0.002531896788190711,19.39,1.4414922823241196,0.6709705882352941,0.18851571713132123,0.25188634,0.07583214,9873,-0.7533746957778931,YKLVVLVFIPKVCLGRFPLL
100,100,1.0,16.986,17.0,0.002967293313005781,18.65,2.495495942693556,0.6623823529411765,0.17364716592934687,0.2608823,0.09090574,9877,-0.8293970823287964,YKRGYFAREYDL
100,100,1.0,17.008,17.0,0.0026139121549624074,18.88,2.25512749085279,0.2598235294117648,0.1740501757190152,0.23929363,0.09778644,9879,-1.1457442045211792,YKSELIPVFA
100,100,1.0,16.842,17.0,0.002626766761534098,18.67,2.5575574284852336,0.029294117647058825,0.1324541573761593,0.23886776,0.10711452,9890,-0.7317872643470764,YLFGLVAGLASVFLTMAPWS
100,100,1.0,17.234,17.0,0.002427664708408407,19.29,1.840081519933288,0.2777337028573417,0.10917993481002687,0.26429182,0.09277295,9908,-0.8162092566490173,YLMGSYPYILLYWNPSPGLG
100,100,1.0,17.126,17.0,0.0024489810180638658,19.14,1.964790065121462,0.49135294117647055,0.13681802882069535,0.26284677,0.092390604,9937,-0.7767688035964966,YLTITFLI
100,100,1.0,16.49,17.0,0.0029036501644677344,18.1,3.0610455730027937,0.5197352941176471,0.1095550098033421,0.26668483,0.100339726,9940,-0.8724557757377625,YLTTLPAHYFRPSQTRSLL
100,100,1.0,16.946,17.0,0.002813345846649449,18.71,2.4871469598718927,0.3793529411764706,0.14516425489649296,0.26361713,0.072080456,9957,-1.117787480354309,YMGMMLIYFLSSYIL
100,100,1.0,16.906,17.0,0.002438157622490235,19.01,2.03221553974966,0.826529411764706,0.19752796657145708,0.27999723,0.07795884,10047,-0.7388190031051636,YRMSVVLDDYSCLRLIPGRR
100,100,1.0,16.302,17.0,0.003072931862209917,17.12,3.8452048059888826,0.5719117647058823,0.10312452159897421,0.27720046,0.116674565,10049,-1.1386607885360718,YRPWLVPLHGREHSKL
100,100,1.0,17.086,17.0,0.0024811443567961016,18.93,2.3119472312317164,0.5257941176470589,0.23390836603769036,0.24798584,0.08819416,10054,-0.8090985417366028,YSAVFGVFDRAVLIVTVARC
100,100,1.0,17.158,17.0,0.0026524992711891857,18.83,2.604054530919044,0.10608823529411764,0.09114160149180696,0.2736868,0.10071419,10066,-0.8511106371879578,YSPHAIRMIV
100,100,1.0,16.752,17.0,0.0026561578603872026,18.25,2.669737814842499,0.47826470588235287,0.08274580138628682,0.29647177,0.084724724,10074,-0.8368393182754517,YSSKVIPFDCTLF
99,99,1.0,17.054,17.0,0.002452431937280443,19.1010101010101,1.951404309126058,0.4373440285204991,0.11629154822021641,0.24330075,0.062999845,10102,-0.7581930756568909,YVDWYITFQRGVLMQLGYRA
100,100,1.0,16.088,17.0,0.003165161615030756,16.68,3.703727851773129,0.5143823529411764,0.12788125371571515,0.29968664,0.1022674,10130,-0.8272605538368225,YVSYRLCLKRTLPRLLVARL
100,100,1.0,16.66,17.0,0.0029767250129143705,17.74,3.324515002222129,0.5443529411764705,0.13560557500456366,0.29559687,0.11191693,10144,-0.78397136926651,YWNIGFHRLSGGTWSNPYCD
100,100,1.0,16.972,17.0,0.0025768023739831097,18.98,2.4371294590152575,0.3042941176470589,0.15378130114326283,0.24275392,0.07429255,10156,-0.9004316329956055,YYIWFSTFSTVLSSIYPMFV
